3.1900874782, 77.6497371092, 0.0000000000
3.1900874782, 77.6497371092, 0.0000000000
2.3579823701, 78.4228043814, 0.0000000000
2.3579823701, 78.4228043814, 0.0000000000
2.2258477919, 78.5205043287, 0.0000000000
2.2258477919, 78.5205043287, 0.0000000000
2.1669476918, 78.5622947784, 0.0000000000
2.1669476918, 78.5622947784, 0.0000000000
1.9246221130, 78.7236785225, 0.0000000000
1.9246221130, 78.7236785225, 0.0000000000
1.8467380306, 78.7721731295, 0.0000000000
1.8467380306, 78.7721731295, 0.0000000000
1.6562658794, 78.8844124414, 0.0000000000
1.6562658794, 78.8844124414, 0.0000000000
1.4453770170, 78.9988959659, 0.0000000000
1.4453770170, 78.9988959659, 0.0000000000
1.3788054029, 79.0330409737, 0.0000000000
1.3788054029, 79.0330409737, 0.0000000000
1.2438323774, 79.0994957555, 0.0000000000
1.2438323774, 79.0994957555, 0.0000000000
1.0230944974, 79.2005998243, 0.0000000000
1.0230944974, 79.2005998243, 0.0000000000
0.8821323867, 79.2605401798, 0.0000000000
0.8821323867, 79.2605401798, 0.0000000000
0.7389251597, 79.3179597591, 0.0000000000
0.7389251597, 79.3179597591, 0.0000000000
0.5076531592, 79.4037076986, 0.0000000000
0.5076531592, 79.4037076986, 0.0000000000
0.2835038552, 79.4790917482, 0.0000000000
0.2835038552, 79.4790917482, 0.0000000000
0.2077803592, 79.5029307470, 0.0000000000
0.2077803592, 79.5029307470, 0.0000000000
-0.0226425668, 79.5706657430, 0.0000000000
-0.0226425668, 79.5706657430, 0.0000000000
-0.1004249001, 79.5919540082, 0.0000000000
-0.1004249001, 79.5919540082, 0.0000000000
-0.2670768701, 79.6349966433, 0.0000000000
-0.2670768701, 79.6349966433, 0.0000000000
-0.3464126687, 79.6542904724, 0.0000000000
-0.3464126687, 79.6542904724, 0.0000000000
-0.4262362679, 79.6729446256, 0.0000000000
-0.4262362679, 79.6729446256, 0.0000000000
-0.5065427946, 79.6909588471, 0.0000000000
-0.5065427946, 79.6909588471, 0.0000000000
-0.5873273401, 79.7083329269, 0.0000000000
-0.5873273401, 79.7083329269, 0.0000000000
-0.6685849610, 79.7250666997, 0.0000000000
-0.6685849610, 79.7250666997, 0.0000000000
-0.7503106802, 79.7411600459, 0.0000000000
-0.7503106802, 79.7411600459, 0.0000000000
-0.8324994875, 79.7566128912, 0.0000000000
-0.8324994875, 79.7566128912, 0.0000000000
-0.8250792695, 79.7552475546, 0.0000000000
-0.8250792695, 79.7552475546, 0.0000000000
-0.8250792694, 79.7552475545, 0.0000000000
-0.8250792694, 79.7552475545, 0.0000000000
-0.8176299235, 79.7538709406, 0.0000000000
-0.8176299235, 79.7538709406, 0.0000000000
-0.9001944709, 79.7687988757, 0.0000000000
-0.9001944709, 79.7687988757, 0.0000000000
-0.9001944710, 79.7687988756, 0.0000000000
-0.9001944710, 79.7687988756, 0.0000000000
-0.8930409455, 79.7675340346, 0.0000000000
-0.8930409455, 79.7675340346, 0.0000000000
-0.9760203572, 79.7818768055, 0.0000000000
-0.9760203572, 79.7818768055, 0.0000000000
-0.9691675688, 79.7807194744, 0.0000000000
-0.9691675688, 79.7807194744, 0.0000000000
-1.0525594002, 79.7944745333, 0.0000000000
-1.0525594002, 79.7944745333, 0.0000000000
-1.1301850660, 79.8066419316, 0.0000000000
-1.1301850660, 79.8066419316, 0.0000000000
-1.2144285144, 79.8191636739, 0.0000000000
-1.2144285144, 79.8191636739, 0.0000000000
-1.2144285145, 79.8191636739, 0.0000000000
-1.2144285145, 79.8191636739, 0.0000000000
-1.2935573267, 79.8302881004, 0.0000000000
-1.2935573267, 79.8302881004, 0.0000000000
-1.2879856939, 79.8295247929, 0.0000000000
-1.2879856939, 79.8295247929, 0.0000000000
-1.3730371335, 79.8408504514, 0.0000000000
-1.3730371335, 79.8408504514, 0.0000000000
-1.3677913441, 79.8401720203, 0.0000000000
-1.3677913441, 79.8401720203, 0.0000000000
-1.5391326211, 79.8609858755, 0.0000000000
-1.5391326211, 79.8609858755, 0.0000000000
-1.5345739830, 79.8604676924, 0.0000000000
-1.5345739830, 79.8604676924, 0.0000000000
-1.6208370644, 79.8699485133, 0.0000000000
-1.6208370644, 79.8699485133, 0.0000000000
-1.6166193951, 79.8695008349, 0.0000000000
-1.6166193951, 79.8695008349, 0.0000000000
-1.6994010731, 79.8779922981, 0.0000000000
-1.6994010731, 79.8779922981, 0.0000000000
-1.7829203660, 79.8859348727, 0.0000000000
-1.7829203660, 79.8859348727, 0.0000000000
-1.8703432372, 79.8935866310, 0.0000000000
-1.8703432372, 79.8935866310, 0.0000000000
-1.8671781076, 79.8933213005, 0.0000000000
-1.8671781076, 79.8933213005, 0.0000000000
-2.0431846681, 79.9067607616, 0.0000000000
-2.0431846681, 79.9067607616, 0.0000000000
-2.0407580108, 79.9065935017, 0.0000000000
-2.0407580108, 79.9065935017, 0.0000000000
-2.2166064930, 79.9174330674, 0.0000000000
-2.2166064930, 79.9174330674, 0.0000000000
-2.2166064949, 79.9174330664, 0.0000000000
-2.2166064949, 79.9174330664, 0.0000000000
-2.3046269832, 79.9218968343, 0.0000000000
-2.3046269832, 79.9218968343, 0.0000000000
-2.3033306107, 79.9218356836, 0.0000000000
-2.3033306107, 79.9218356836, 0.0000000000
-2.3929975934, 79.9257446438, 0.0000000000
-2.3929975934, 79.9257446438, 0.0000000000
-2.4825116694, 79.9290036882, 0.0000000000
-2.4825116694, 79.9290036882, 0.0000000000
-2.5727757648, 79.9316480301, 0.0000000000
-2.5727757648, 79.9316480301, 0.0000000000
-2.6637907921, 79.9336703104, 0.0000000000
-2.6637907921, 79.9336703104, 0.0000000000
-2.7548727109, 79.9350551443, 0.0000000000
-2.7548727109, 79.9350551443, 0.0000000000
-2.8473863554, 79.9358159348, 0.0000000000
-2.8473863554, 79.9358159348, 0.0000000000
-2.9406530784, 79.9359325709, 0.0000000000
-2.9406530784, 79.9359325709, 0.0000000000
-3.0327485419, 79.9354151168, 0.0000000000
-3.0327485419, 79.9354151168, 0.0000000000
-3.1275074922, 79.9342347465, 0.0000000000
-3.1275074922, 79.9342347465, 0.0000000000
-3.2230207590, 79.9323881519, 0.0000000000
-3.2230207590, 79.9323881519, 0.0000000000
-3.3192885499, 79.9298679170, 0.0000000000
-3.3192885499, 79.9298679170, 0.0000000000
-3.4163109657, 79.9266666242, 0.0000000000
-3.4163109657, 79.9266666242, 0.0000000000
-3.6084881628, 79.9183967933, 0.0000000000
-3.6084881628, 79.9183967933, 0.0000000000
-3.7077424671, 79.9131373569, 0.0000000000
-3.7077424671, 79.9131373569, 0.0000000000
-3.9030300817, 79.9008609946, 0.0000000000
-3.9030300817, 79.9008609946, 0.0000000000
-4.0108777887, 79.8930020844, 0.0000000000
-4.0108777887, 79.8930020844, 0.0000000000
-4.2166009838, 79.8759208471, 0.0000000000
-4.2166009838, 79.8759208471, 0.0000000000
-4.3203792762, 79.8662788301, 0.0000000000
-4.3203792762, 79.8662788301, 0.0000000000
-4.5306105338, 79.8446766008, 0.0000000000
-4.5306105338, 79.8446766008, 0.0000000000
-4.6459504330, 79.8316644002, 0.0000000000
-4.6459504330, 79.8316644002, 0.0000000000
-4.8607973537, 79.8052719761, 0.0000000000
-4.8607973537, 79.8052719761, 0.0000000000
-4.9799944042, 79.7894372722, 0.0000000000
-4.9799944042, 79.7894372722, 0.0000000000
-5.1875518262, 79.7598668409, 0.0000000000
-5.1875518262, 79.7598668409, 0.0000000000
-5.4097942733, 79.7254356710, 0.0000000000
-5.4097942733, 79.7254356710, 0.0000000000
-5.6349705572, 79.6876831594, 0.0000000000
-5.6349705572, 79.6876831594, 0.0000000000
-5.7629763948, 79.6649554451, 0.0000000000
-5.7629763948, 79.6649554451, 0.0000000000
-5.9770877209, 79.6249173900, 0.0000000000
-5.9770877209, 79.6249173900, 0.0000000000
-6.1251898934, 79.5957600265, 0.0000000000
-6.1251898934, 79.5957600265, 0.0000000000
-6.2585997394, 79.5684833554, 0.0000000000
-6.2585997394, 79.5684833554, 0.0000000000
-6.4944507018, 79.5179437078, 0.0000000000
-6.4944507018, 79.5179437078, 0.0000000000
-6.6132221878, 79.4913838428, 0.0000000000
-6.6132221878, 79.4913838428, 0.0000000000
-6.8532875454, 79.4354616427, 0.0000000000
-6.8532875454, 79.4354616427, 0.0000000000
-7.0149736708, 79.3961280250, 0.0000000000
-7.0149736708, 79.3961280250, 0.0000000000
-7.1158600551, 79.3709113367, 0.0000000000
-7.1158600551, 79.3709113367, 0.0000000000
-7.4062972597, 79.2954558402, 0.0000000000
-7.4062972597, 79.2954558402, 0.0000000000
-7.4285707197, 79.2894952808, 0.0000000000
-7.4285707197, 79.2894952808, 0.0000000000
-7.5756737844, 79.2495123932, 0.0000000000
-7.5756737844, 79.2495123932, 0.0000000000
-7.7005289864, 79.2147401894, 0.0000000000
-7.7005289864, 79.2147401894, 0.0000000000
-7.8503630170, 79.1720050776, 0.0000000000
-7.8503630170, 79.1720050776, 0.0000000000
-8.0785519288, 79.1048305840, 0.0000000000
-8.0785519288, 79.1048305840, 0.0000000000
-8.1296053045, 79.0894582263, 0.0000000000
-8.1296053045, 79.0894582263, 0.0000000000
-8.2573285248, 79.0504541113, 0.0000000000
-8.2573285248, 79.0504541113, 0.0000000000
-8.3856894451, 79.0104726909, 0.0000000000
-8.3856894451, 79.0104726909, 0.0000000000
-8.5146823870, 78.9695086472, 0.0000000000
-8.5146823870, 78.9695086472, 0.0000000000
-8.5698000198, 78.9517659489, 0.0000000000
-8.5698000198, 78.9517659489, 0.0000000000
-8.8017703805, 78.8755334082, 0.0000000000
-8.8017703805, 78.8755334082, 0.0000000000
-8.8595497527, 78.8561550734, 0.0000000000
-8.8595497527, 78.8561550734, 0.0000000000
-8.9907993386, 78.8115608326, 0.0000000000
-8.9907993386, 78.8115608326, 0.0000000000
-9.1226527731, 78.7659606451, 0.0000000000
-9.1226527731, 78.7659606451, 0.0000000000
-9.2860395238, 78.7083474746, 0.0000000000
-9.2860395238, 78.7083474746, 0.0000000000
-9.2860395219, 78.7083474746, 0.0000000000
-9.2860395219, 78.7083474746, 0.0000000000
-9.4509039443, 78.6489777461, 0.0000000000
-9.4509039443, 78.6489777461, 0.0000000000
-9.5146552356, 78.6256889149, 0.0000000000
-9.5146552356, 78.6256889149, 0.0000000000
-9.7508078733, 78.5378196285, 0.0000000000
-9.7508078733, 78.5378196285, 0.0000000000
-9.7839054143, 78.5253037680, 0.0000000000
-9.7839054143, 78.5253037680, 0.0000000000
-9.8855519427, 78.4865588210, 0.0000000000
-9.8855519427, 78.4865588210, 0.0000000000
-10.0556960553, 78.4206703625, 0.0000000000
-10.0556960553, 78.4206703625, 0.0000000000
-10.2272975731, 78.3529120094, 0.0000000000
-10.2272975731, 78.3529120094, 0.0000000000
-10.4003505176, 78.2832593737, 0.0000000000
-10.4003505176, 78.2832593737, 0.0000000000
-10.4363684152, 78.2685961988, 0.0000000000
-10.4363684152, 78.2685961988, 0.0000000000
-10.6111645671, 78.1966247082, 0.0000000000
-10.6111645671, 78.1966247082, 0.0000000000
-10.6111645651, 78.1966247081, 0.0000000000
-10.6111645651, 78.1966247081, 0.0000000000
-10.8510984845, 78.0956526094, 0.0000000000
-10.8510984845, 78.0956526094, 0.0000000000
-10.9274622982, 78.0629890832, 0.0000000000
-10.9274622982, 78.0629890832, 0.0000000000
-11.0671729632, 78.0025733994, 0.0000000000
-11.0671729632, 78.0025733994, 0.0000000000
-11.2073751233, 77.9410940867, 0.0000000000
-11.2073751233, 77.9410940867, 0.0000000000
-11.2868791885, 77.9058533516, 0.0000000000
-11.2868791885, 77.9058533516, 0.0000000000
-11.4278339950, 77.8427036776, 0.0000000000
-11.4278339950, 77.8427036776, 0.0000000000
-11.5692586665, 77.7784839578, 0.0000000000
-11.5692586665, 77.7784839578, 0.0000000000
-11.7111445705, 77.7131919707, 0.0000000000
-11.7111445705, 77.7131919707, 0.0000000000
-11.7529135319, 77.6938067200, 0.0000000000
-11.7529135319, 77.6938067200, 0.0000000000
-11.8953831880, 77.6271244253, 0.0000000000
-11.8953831880, 77.6271244253, 0.0000000000
-11.9379434031, 77.6070361596, 0.0000000000
-11.9379434031, 77.6070361596, 0.0000000000
-12.0809838495, 77.5389557650, 0.0000000000
-12.0809838495, 77.5389557650, 0.0000000000
-12.2685185050, 77.4483795823, 0.0000000000
-12.2685185050, 77.4483795823, 0.0000000000
-12.3680449719, 77.3997035235, 0.0000000000
-12.3680449719, 77.3997035235, 0.0000000000
-12.4575531349, 77.3555687080, 0.0000000000
-12.4575531349, 77.3555687080, 0.0000000000
-12.6021038594, 77.2835776951, 0.0000000000
-12.6021038594, 77.2835776951, 0.0000000000
-12.7470505400, 77.2105032610, 0.0000000000
-12.7470505400, 77.2105032610, 0.0000000000
-12.7932077068, 77.1870472262, 0.0000000000
-12.7932077068, 77.1870472262, 0.0000000000
-13.0847976239, 77.0367945047, 0.0000000000
-13.0847976239, 77.0367945047, 0.0000000000
-13.1802935398, 76.9868096324, 0.0000000000
-13.1802935398, 76.9868096324, 0.0000000000
-13.3267192670, 76.9094235660, 0.0000000000
-13.3267192670, 76.9094235660, 0.0000000000
-13.3752638682, 76.8835692972, 0.0000000000
-13.3752638682, 76.8835692972, 0.0000000000
-13.5221507273, 76.8047378916, 0.0000000000
-13.5221507273, 76.8047378916, 0.0000000000
-13.7194030449, 76.6974559867, 0.0000000000
-13.7194030449, 76.6974559867, 0.0000000000
-13.9641989907, 76.5620549266, 0.0000000000
-13.9641989907, 76.5620549266, 0.0000000000
-14.0153081397, 76.5334698523, 0.0000000000
-14.0153081397, 76.5334698523, 0.0000000000
-14.1183378328, 76.4755146405, 0.0000000000
-14.1183378328, 76.4755146405, 0.0000000000
-14.2148176677, 76.4208424393, 0.0000000000
-14.2148176677, 76.4208424393, 0.0000000000
-14.4162520110, 76.3054451679, 0.0000000000
-14.4162520110, 76.3054451679, 0.0000000000
-14.5224388888, 76.2439326841, 0.0000000000
-14.5224388888, 76.2439326841, 0.0000000000
-14.6716579319, 76.1566988452, 0.0000000000
-14.6716579319, 76.1566988452, 0.0000000000
-14.8211327775, 76.0683862194, 0.0000000000
-14.8211327775, 76.0683862194, 0.0000000000
-14.9708529500, 75.9789965358, 0.0000000000
-14.9708529500, 75.9789965358, 0.0000000000
-15.0258726537, 75.9459129250, 0.0000000000
-15.0258726537, 75.9459129250, 0.0000000000
-15.2317959132, 75.8209723624, 0.0000000000
-15.2317959132, 75.8209723624, 0.0000000000
-15.3821340535, 75.7286428254, 0.0000000000
-15.3821340535, 75.7286428254, 0.0000000000
-15.4956920031, 75.6582781245, 0.0000000000
-15.4956920031, 75.6582781245, 0.0000000000
-15.6463840426, 75.5640750004, 0.0000000000
-15.6463840426, 75.5640750004, 0.0000000000
-15.7972630639, 75.4688077275, 0.0000000000
-15.7972630639, 75.4688077275, 0.0000000000
-15.9483183143, 75.3724792790, 0.0000000000
-15.9483183143, 75.3724792790, 0.0000000000
-16.0069602782, 75.3348268852, 0.0000000000
-16.0069602782, 75.3348268852, 0.0000000000
-16.1251008535, 75.2585367412, 0.0000000000
-16.1251008535, 75.2585367412, 0.0000000000
-16.1251008485, 75.2585367411, 0.0000000000
-16.1251008485, 75.2585367411, 0.0000000000
-16.3363992224, 75.1206375067, 0.0000000000
-16.3363992224, 75.1206375067, 0.0000000000
-16.4879947478, 75.0205537941, 0.0000000000
-16.4879947478, 75.0205537941, 0.0000000000
-16.5485582044, 74.9803012735, 0.0000000000
-16.5485582044, 74.9803012735, 0.0000000000
-16.7003281650, 74.8787562103, 0.0000000000
-16.7003281650, 74.8787562103, 0.0000000000
-16.8522097326, 74.7761716875, 0.0000000000
-16.8522097326, 74.7761716875, 0.0000000000
-16.8522097331, 74.7761716873, 0.0000000000
-16.8522097331, 74.7761716873, 0.0000000000
-16.9140371116, 74.7341353218, 0.0000000000
-16.9140371116, 74.7341353218, 0.0000000000
-17.0385556533, 74.6489890884, 0.0000000000
-17.0385556533, 74.6489890884, 0.0000000000
-17.1280371778, 74.5873997417, 0.0000000000
-17.1280371778, 74.5873997417, 0.0000000000
-17.3435216480, 74.4377040290, 0.0000000000
-17.3435216480, 74.4377040290, 0.0000000000
-17.4070108623, 74.3932262183, 0.0000000000
-17.4070108623, 74.3932262183, 0.0000000000
-17.4707111460, 74.3484300861, 0.0000000000
-17.4707111460, 74.3484300861, 0.0000000000
-17.6229905857, 74.2406496081, 0.0000000000
-17.6229905857, 74.2406496081, 0.0000000000
-17.6229905862, 74.2406496078, 0.0000000000
-17.6229905862, 74.2406496078, 0.0000000000
-17.6874024892, 74.1947659081, 0.0000000000
-17.6874024892, 74.1947659081, 0.0000000000
-17.7520246918, 74.1485564809, 0.0000000000
-17.7520246918, 74.1485564809, 0.0000000000
-17.9697651501, 73.9915580015, 0.0000000000
-17.9697651501, 73.9915580015, 0.0000000000
-18.0565164722, 73.9284485218, 0.0000000000
-18.0565164722, 73.9284485218, 0.0000000000
-18.1223265267, 73.8803606348, 0.0000000000
-18.1223265267, 73.8803606348, 0.0000000000
-18.2548066226, 73.7829993844, 0.0000000000
-18.2548066226, 73.7829993844, 0.0000000000
-18.4072038496, 73.6700787903, 0.0000000000
-18.4072038496, 73.6700787903, 0.0000000000
-18.4741148224, 73.6201881897, 0.0000000000
-18.4741148224, 73.6201881897, 0.0000000000
-18.4741148221, 73.6201881897, 0.0000000000
-18.4741148221, 73.6201881897, 0.0000000000
-18.6941304131, 73.4547934752, 0.0000000000
-18.6941304131, 73.4547934752, 0.0000000000
-18.7619217582, 73.4034155089, 0.0000000000
-18.7619217582, 73.4034155089, 0.0000000000
-18.9142423303, 73.2872571216, 0.0000000000
-18.9142423303, 73.2872571216, 0.0000000000
-18.9826964335, 73.2347309121, 0.0000000000
-18.9826964335, 73.2347309121, 0.0000000000
-19.0513543980, 73.1818463633, 0.0000000000
-19.0513543980, 73.1818463633, 0.0000000000
-19.2035777928, 73.0638724030, 0.0000000000
-19.2035777928, 73.0638724030, 0.0000000000
-19.2728862117, 73.0098277052, 0.0000000000
-19.2728862117, 73.0098277052, 0.0000000000
-19.3423964039, 72.9554177761, 0.0000000000
-19.3423964039, 72.9554177761, 0.0000000000
-19.4944831318, 72.8356428366, 0.0000000000
-19.4944831318, 72.8356428366, 0.0000000000
-19.5646309335, 72.7800614453, 0.0000000000
-19.5646309335, 72.7800614453, 0.0000000000
-19.6349781740, 72.7241080665, 0.0000000000
-19.6349781740, 72.7241080665, 0.0000000000
-19.7055242561, 72.6677810977, 0.0000000000
-19.7055242561, 72.6677810977, 0.0000000000
-19.7762685664, 72.6110789431, 0.0000000000
-19.7762685664, 72.6110789431, 0.0000000000
-19.9280793961, 72.4886668410, 0.0000000000
-19.9280793961, 72.4886668410, 0.0000000000
-19.9994413110, 72.4307776136, 0.0000000000
-19.9994413110, 72.4307776136, 0.0000000000
-20.1429892202, 72.3136573672, 0.0000000000
-20.1429892202, 72.3136573672, 0.0000000000
-20.2944998436, 72.1890624619, 0.0000000000
-20.2944998436, 72.1890624619, 0.0000000000
-20.3668526849, 72.1292079029, 0.0000000000
-20.3668526849, 72.1292079029, 0.0000000000
-20.4393973438, 72.0689637470, 0.0000000000
-20.4393973438, 72.0689637470, 0.0000000000
-20.5121330459, 72.0083284760, 0.0000000000
-20.5121330459, 72.0083284760, 0.0000000000
-20.8103751195, 71.7572612197, 0.0000000000
-20.8103751195, 71.7572612197, 0.0000000000
-20.8840675365, 71.6946186006, 0.0000000000
-20.8840675365, 71.6946186006, 0.0000000000
-20.9579459385, 71.6315758509, 0.0000000000
-20.9579459385, 71.6315758509, 0.0000000000
-21.0320094350, 71.5681315223, 0.0000000000
-21.0320094350, 71.5681315223, 0.0000000000
-21.1062571183, 71.5042841773, 0.0000000000
-21.1062571183, 71.5042841773, 0.0000000000
-21.2555386550, 71.3751686931, 0.0000000000
-21.2555386550, 71.3751686931, 0.0000000000
-21.4055464717, 71.2444202451, 0.0000000000
-21.4055464717, 71.2444202451, 0.0000000000
-21.5562726322, 71.1120277639, 0.0000000000
-21.5562726322, 71.1120277639, 0.0000000000
-21.6317844720, 71.0453161078, 0.0000000000
-21.6317844720, 71.0453161078, 0.0000000000
-21.7835721203, 70.9104385675, 0.0000000000
-21.7835721203, 70.9104385675, 0.0000000000
-21.8570321393, 70.8447878097, 0.0000000000
-21.8570321393, 70.8447878097, 0.0000000000
-22.0868714853, 70.6377976964, 0.0000000000
-22.0868714853, 70.6377976964, 0.0000000000
-22.1635910246, 70.5681690166, 0.0000000000
-22.1635910246, 70.5681690166, 0.0000000000
-22.3954612395, 70.3560911335, 0.0000000000
-22.3954612395, 70.3560911335, 0.0000000000
-22.4728493793, 70.2847589819, 0.0000000000
-22.4728493793, 70.2847589819, 0.0000000000
-22.6283485991, 70.1405930015, 0.0000000000
-22.6283485991, 70.1405930015, 0.0000000000
-22.7062246443, 70.0679724243, 0.0000000000
-22.7062246443, 70.0679724243, 0.0000000000
-22.8626871399, 69.9212178316, 0.0000000000
-22.8626871399, 69.9212178316, 0.0000000000
-23.0197790006, 69.7727256222, 0.0000000000
-23.0197790006, 69.7727256222, 0.0000000000
-23.0984424368, 69.6979349229, 0.0000000000
-23.0984424368, 69.6979349229, 0.0000000000
-23.2564575173, 69.5468217646, 0.0000000000
-23.2564575173, 69.5468217646, 0.0000000000
-23.3355769657, 69.4707166519, 0.0000000000
-23.3355769657, 69.4707166519, 0.0000000000
-23.4148454559, 69.3941718397, 0.0000000000
-23.4148454559, 69.3941718397, 0.0000000000
-23.6542161345, 69.1612187484, 0.0000000000
-23.6542161345, 69.1612187484, 0.0000000000
-23.6542161345, 69.1612187484, 0.0000000000
-23.6542161345, 69.1612187484, 0.0000000000
-23.8142868294, 69.0039174641, 0.0000000000
-23.8142868294, 69.0039174641, 0.0000000000
-23.9749177576, 68.8448323909, 0.0000000000
-23.9749177576, 68.8448323909, 0.0000000000
-24.0553272843, 68.7647307985, 0.0000000000
-24.0553272843, 68.7647307985, 0.0000000000
-24.1358722775, 68.6841816067, 0.0000000000
-24.1358722775, 68.6841816067, 0.0000000000
-24.2975852393, 68.5215122166, 0.0000000000
-24.2975852393, 68.5215122166, 0.0000000000
-24.3785273581, 68.4396144675, 0.0000000000
-24.3785273581, 68.4396144675, 0.0000000000
-24.3785273578, 68.4396144674, 0.0000000000
-24.3785273578, 68.4396144674, 0.0000000000
-24.5410180092, 68.2742408102, 0.0000000000
-24.5410180092, 68.2742408102, 0.0000000000
-24.6223424588, 68.1909882196, 0.0000000000
-24.6223424588, 68.1909882196, 0.0000000000
-24.7037908798, 68.1072831370, 0.0000000000
-24.7037908798, 68.1072831370, 0.0000000000
-24.7853615605, 68.0231249591, 0.0000000000
-24.7853615605, 68.0231249591, 0.0000000000
-24.8670527775, 67.9385131076, 0.0000000000
-24.8670527775, 67.9385131076, 0.0000000000
-24.9488627912, 67.8534470292, 0.0000000000
-24.9488627912, 67.8534470292, 0.0000000000
-25.0307898460, 67.7679261958, 0.0000000000
-25.0307898460, 67.7679261958, 0.0000000000
-25.0307898457, 67.7679261957, 0.0000000000
-25.0307898457, 67.7679261957, 0.0000000000
-25.1128321699, 67.6819501048, 0.0000000000
-25.1128321699, 67.6819501048, 0.0000000000
-25.2774701737, 67.5084030555, 0.0000000000
-25.2774701737, 67.5084030555, 0.0000000000
-25.2774701687, 67.5084030551, 0.0000000000
-25.2774701687, 67.5084030551, 0.0000000000
-25.3598477941, 67.4210572442, 0.0000000000
-25.3598477941, 67.4210572442, 0.0000000000
-25.3598477938, 67.4210572441, 0.0000000000
-25.3598477938, 67.4210572441, 0.0000000000
-25.4423334371, 67.3332544251, 0.0000000000
-25.4423334371, 67.3332544251, 0.0000000000
-25.6078329060, 67.1560489128, 0.0000000000
-25.6078329060, 67.1560489128, 0.0000000000
-25.6906316894, 67.0668717810, 0.0000000000
-25.6906316894, 67.0668717810, 0.0000000000
-25.6906316891, 67.0668717810, 0.0000000000
-25.6906316891, 67.0668717810, 0.0000000000
-25.7735309935, 66.9772363211, 0.0000000000
-25.7735309935, 66.9772363211, 0.0000000000
-25.8565289012, 66.8871422718, 0.0000000000
-25.8565289012, 66.8871422718, 0.0000000000
-26.0230201023, 66.7053502682, 0.0000000000
-26.0230201023, 66.7053502682, 0.0000000000
-26.0230200976, 66.7053502677, 0.0000000000
-26.0230200976, 66.7053502677, 0.0000000000
-26.1063024186, 66.6138780241, 0.0000000000
-26.1063024186, 66.6138780241, 0.0000000000
-26.1896755376, 66.5219464311, 0.0000000000
-26.1896755376, 66.5219464311, 0.0000000000
-26.2731374677, 66.4295553713, 0.0000000000
-26.2731374677, 66.4295553713, 0.0000000000
-26.3566862073, 66.3367047562, 0.0000000000
-26.3566862073, 66.3367047562, 0.0000000000
-26.5242378192, 66.1493982006, 0.0000000000
-26.5242378192, 66.1493982006, 0.0000000000
-26.6921107251, 65.9602513009, 0.0000000000
-26.6921107251, 65.9602513009, 0.0000000000
-26.7760633468, 65.8651004246, 0.0000000000
-26.7760633468, 65.8651004246, 0.0000000000
-26.8600904648, 65.7694900925, 0.0000000000
-26.8600904648, 65.7694900925, 0.0000000000
-27.0285555737, 65.5766665859, 0.0000000000
-27.0285555737, 65.5766665859, 0.0000000000
-27.2820469743, 65.2836479543, 0.0000000000
-27.2820469743, 65.2836479543, 0.0000000000
-27.3664770464, 65.1852803472, 0.0000000000
-27.3664770464, 65.1852803472, 0.0000000000
-27.5845327999, 64.9294289840, 0.0000000000
-27.5845327999, 64.9294289840, 0.0000000000
-27.6691657013, 64.8294238876, 0.0000000000
-27.6691657013, 64.8294238876, 0.0000000000
-27.8387694228, 64.6278233300, 0.0000000000
-27.8387694228, 64.6278233300, 0.0000000000
-27.9235505050, 64.5264490176, 0.0000000000
-27.9235505050, 64.5264490176, 0.0000000000
-28.0083764485, 64.4246196446, 0.0000000000
-28.0083764485, 64.4246196446, 0.0000000000
-28.0932449809, 64.3223357713, 0.0000000000
-28.0932449809, 64.3223357713, 0.0000000000
-28.1781538220, 64.2195979920, 0.0000000000
-28.1781538220, 64.2195979920, 0.0000000000
-28.2631006809, 64.1164069344, 0.0000000000
-28.2631006809, 64.1164069344, 0.0000000000
-28.2631006807, 64.1164069343, 0.0000000000
-28.2631006807, 64.1164069343, 0.0000000000
-28.3480832556, 64.0127632600, 0.0000000000
-28.3480832556, 64.0127632600, 0.0000000000
-28.4330992334, 63.9086676639, 0.0000000000
-28.4330992334, 63.9086676639, 0.0000000000
-28.6033966659, 63.6989077864, 0.0000000000
-28.6033966659, 63.6989077864, 0.0000000000
-28.6033966623, 63.6989077856, 0.0000000000
-28.6033966623, 63.6989077856, 0.0000000000
-28.6884989219, 63.5934600132, 0.0000000000
-28.6884989219, 63.5934600132, 0.0000000000
-28.7736252260, 63.4875634412, 0.0000000000
-28.7736252260, 63.4875634412, 0.0000000000
-28.9441099950, 63.2742144546, 0.0000000000
-28.9441099950, 63.2742144546, 0.0000000000
-28.9441099915, 63.2742144537, 0.0000000000
-28.9441099915, 63.2742144537, 0.0000000000
-29.0292942439, 63.1669759276, 0.0000000000
-29.0292942439, 63.1669759276, 0.0000000000
-29.0292942437, 63.1669759275, 0.0000000000
-29.0292942437, 63.1669759275, 0.0000000000
-29.1144930265, 63.0592922728, 0.0000000000
-29.1144930265, 63.0592922728, 0.0000000000
-29.2850888149, 62.8423839703, 0.0000000000
-29.2850888149, 62.8423839703, 0.0000000000
-29.3703167610, 62.7333702379, 0.0000000000
-29.3703167610, 62.7333702379, 0.0000000000
-29.4555495830, 62.6239156022, 0.0000000000
-29.4555495830, 62.6239156022, 0.0000000000
-29.5407848438, 62.5140212050, 0.0000000000
-29.5407848438, 62.5140212050, 0.0000000000
-29.6260201012, 62.4036882236, 0.0000000000
-29.6260201012, 62.4036882236, 0.0000000000
-29.7112529054, 62.2929178703, 0.0000000000
-29.7112529054, 62.2929178703, 0.0000000000
-29.7964807990, 62.1817113923, 0.0000000000
-29.7964807990, 62.1817113923, 0.0000000000
-29.9670652690, 61.9577932218, 0.0000000000
-29.9670652690, 61.9577932218, 0.0000000000
-29.9670652661, 61.9577932208, 0.0000000000
-29.9670652661, 61.9577932208, 0.0000000000
-30.0522635874, 61.8452854247, 0.0000000000
-30.0522635874, 61.8452854247, 0.0000000000
-30.1374470927, 61.7323468443, 0.0000000000
-30.1374470927, 61.7323468443, 0.0000000000
-30.2226132905, 61.6189789016, 0.0000000000
-30.2226132905, 61.6189789016, 0.0000000000
-30.3077596825, 61.5051830533, 0.0000000000
-30.3077596825, 61.5051830533, 0.0000000000
-30.3077596824, 61.5051830532, 0.0000000000
-30.3077596824, 61.5051830532, 0.0000000000
-30.3928837645, 61.3909607911, 0.0000000000
-30.3928837645, 61.3909607911, 0.0000000000
-30.4779830264, 61.2763136416, 0.0000000000
-30.4779830264, 61.2763136416, 0.0000000000
-30.5630549525, 61.1612431663, 0.0000000000
-30.5630549525, 61.1612431663, 0.0000000000
-30.6480970217, 61.0457509613, 0.0000000000
-30.6480970217, 61.0457509613, 0.0000000000
-29.7789022569, 62.2046844253, 0.0000000000
-29.7789022569, 62.2046844253, 0.0000000000
-29.8168690335, 62.1550427438, 0.0000000000
-29.8168690335, 62.1550427438, 0.0000000000
-29.7317965117, 62.2661528538, 0.0000000000
-29.7317965117, 62.2661528538, 0.0000000000
-29.6852545582, 62.3267526861, 0.0000000000
-29.6852545582, 62.3267526861, 0.0000000000
-29.7236720491, 62.2767407977, 0.0000000000
-29.7236720491, 62.2767407977, 0.0000000000
-29.6385951444, 62.3873731831, 0.0000000000
-29.6385951444, 62.3873731831, 0.0000000000
-29.6772370479, 62.3371785500, 0.0000000000
-29.6772370479, 62.3371785500, 0.0000000000
-29.6309551746, 62.3972865332, 0.0000000000
-29.6309551746, 62.3972865332, 0.0000000000
-29.5458768151, 62.5074422282, 0.0000000000
-29.5458768151, 62.5074422282, 0.0000000000
-29.6237091225, 62.4066854850, 0.0000000000
-29.6237091225, 62.4066854850, 0.0000000000
-29.5386307673, 62.5168038640, 0.0000000000
-29.5386307673, 62.5168038640, 0.0000000000
-29.5321281034, 62.5252023818, 0.0000000000
-29.5321281034, 62.5252023818, 0.0000000000
-29.5712816693, 62.4745950083, 0.0000000000
-29.5712816693, 62.4745950083, 0.0000000000
-29.5255072897, 62.5337508637, 0.0000000000
-29.5255072897, 62.5337508637, 0.0000000000
-29.4799531328, 62.5924966368, 0.0000000000
-29.4799531328, 62.5924966368, 0.0000000000
-29.5193572383, 62.5416891546, 0.0000000000
-29.5193572383, 62.5416891546, 0.0000000000
-29.4738327149, 62.6003798884, 0.0000000000
-29.4738327149, 62.6003798884, 0.0000000000
-29.4738327141, 62.6003798883, 0.0000000000
-29.4738327141, 62.6003798883, 0.0000000000
-29.3837041151, 62.7162072346, 0.0000000000
-29.3837041151, 62.7162072346, 0.0000000000
-29.3837041151, 62.7162072346, 0.0000000000
-29.3837041151, 62.7162072346, 0.0000000000
-29.4235700291, 62.6650343097, 0.0000000000
-29.4235700291, 62.6650343097, 0.0000000000
-29.2939356269, 62.8310883180, 0.0000000000
-29.2939356269, 62.8310883180, 0.0000000000
-29.3342318020, 62.7795788857, 0.0000000000
-29.3342318020, 62.7795788857, 0.0000000000
-29.2896041861, 62.8366192983, 0.0000000000
-29.2896041861, 62.8366192983, 0.0000000000
-29.2451941943, 62.8932637466, 0.0000000000
-29.2451941943, 62.8932637466, 0.0000000000
-29.2857238158, 62.8415733483, 0.0000000000
-29.2857238158, 62.8415733483, 0.0000000000
-29.2413327727, 62.8981834021, 0.0000000000
-29.2413327727, 62.8981834021, 0.0000000000
-29.1971587844, 62.9544003803, 0.0000000000
-29.1971587844, 62.9544003803, 0.0000000000
-29.1939336525, 62.9585002369, 0.0000000000
-29.1939336525, 62.9585002369, 0.0000000000
-29.2751280439, 62.8550963603, 0.0000000000
-29.2751280439, 62.8550963603, 0.0000000000
-29.1900708216, 62.9634099262, 0.0000000000
-29.1900708216, 62.9634099262, 0.0000000000
-29.2308642873, 62.9115163479, 0.0000000000
-29.2308642873, 62.9115163479, 0.0000000000
-29.2308642870, 62.9115163477, 0.0000000000
-29.2308642870, 62.9115163477, 0.0000000000
-29.1867415643, 62.9676407352, 0.0000000000
-29.1867415643, 62.9676407352, 0.0000000000
-29.1016961265, 63.0754937268, 0.0000000000
-29.1016961265, 63.0754937268, 0.0000000000
-29.1429122287, 63.0232776804, 0.0000000000
-29.1429122287, 63.0232776804, 0.0000000000
-29.1839312782, 62.9712115248, 0.0000000000
-29.1839312782, 62.9712115248, 0.0000000000
-29.1839312779, 62.9712115246, 0.0000000000
-29.1839312779, 62.9712115246, 0.0000000000
-29.2247541197, 62.9192954136, 0.0000000000
-29.2247541197, 62.9192954136, 0.0000000000
-29.2247541194, 62.9192954135, 0.0000000000
-29.2247541194, 62.9192954135, 0.0000000000
-29.2653815965, 62.8675294918, 0.0000000000
-29.2653815965, 62.8675294918, 0.0000000000
-29.2653815962, 62.8675294916, 0.0000000000
-29.2653815962, 62.8675294916, 0.0000000000
-29.2210899527, 62.9239593284, 0.0000000000
-29.2210899527, 62.9239593284, 0.0000000000
-29.2210899519, 62.9239593283, 0.0000000000
-29.2210899519, 62.9239593283, 0.0000000000
-29.1770151214, 62.9799973009, 0.0000000000
-29.1770151214, 62.9799973009, 0.0000000000
-29.1770151206, 62.9799973008, 0.0000000000
-29.1770151206, 62.9799973008, 0.0000000000
-29.2178710515, 62.9280558302, 0.0000000000
-29.2178710515, 62.9280558302, 0.0000000000
-29.2178710512, 62.9280558300, 0.0000000000
-29.2178710512, 62.9280558300, 0.0000000000
-29.1738119983, 62.9840653520, 0.0000000000
-29.1738119983, 62.9840653520, 0.0000000000
-29.1738119975, 62.9840653519, 0.0000000000
-29.1738119975, 62.9840653519, 0.0000000000
-29.1299691828, 63.0396858386, 0.0000000000
-29.1299691828, 63.0396858386, 0.0000000000
-29.1710501227, 62.9875725186, 0.0000000000
-29.1710501227, 62.9875725186, 0.0000000000
-29.1710501224, 62.9875725184, 0.0000000000
-29.1710501224, 62.9875725184, 0.0000000000
-29.1272208802, 63.0431686421, 0.0000000000
-29.1272208802, 63.0431686421, 0.0000000000
-29.1272208794, 63.0431686419, 0.0000000000
-29.1272208794, 63.0431686419, 0.0000000000
-29.1683149606, 62.9910453184, 0.0000000000
-29.1683149606, 62.9910453184, 0.0000000000
-29.2535322944, 62.8826375410, 0.0000000000
-29.2535322944, 62.8826375410, 0.0000000000
-29.2126848682, 62.9346546803, 0.0000000000
-29.2126848682, 62.9346546803, 0.0000000000
-29.2979067709, 62.8260164121, 0.0000000000
-29.2979067709, 62.8260164121, 0.0000000000
-29.2572735018, 62.8778683443, 0.0000000000
-29.2572735018, 62.8778683443, 0.0000000000
-29.3424993350, 62.7689987568, 0.0000000000
-29.3424993350, 62.7689987568, 0.0000000000
-29.4277308338, 62.6596878999, 0.0000000000
-29.4277308338, 62.6596878999, 0.0000000000
-29.3877247596, 62.7110505491, 0.0000000000
-29.3877247596, 62.7110505491, 0.0000000000
-29.4330978303, 62.6527900654, 0.0000000000
-29.4330978303, 62.6527900654, 0.0000000000
-29.5183326847, 62.5430113941, 0.0000000000
-29.5183326847, 62.5430113941, 0.0000000000
-29.5643421217, 62.4835713727, 0.0000000000
-29.5643421217, 62.4835713727, 0.0000000000
-29.5643421208, 62.4835713726, 0.0000000000
-29.5643421208, 62.4835713726, 0.0000000000
-29.6495769457, 62.3731173885, 0.0000000000
-29.6495769457, 62.3731173885, 0.0000000000
-29.7348086388, 62.2622263736, 0.0000000000
-29.7348086388, 62.2622263736, 0.0000000000
-29.7818619570, 62.2008177786, 0.0000000000
-29.7818619570, 62.2008177786, 0.0000000000
-29.8291403538, 62.1389790782, 0.0000000000
-29.8291403538, 62.1389790782, 0.0000000000
-29.8766442444, 62.0767074244, 0.0000000000
-29.8766442444, 62.0767074244, 0.0000000000
-30.0100768818, 61.9010508412, 0.0000000000
-30.0100768818, 61.9010508412, 0.0000000000
-30.0952680262, 61.7883254009, 0.0000000000
-30.0952680262, 61.7883254009, 0.0000000000
-30.1440286641, 61.7236020192, 0.0000000000
-30.1440286641, 61.7236020192, 0.0000000000
-30.2786659842, 61.5441172256, 0.0000000000
-30.2786659842, 61.5441172256, 0.0000000000
-30.4138920606, 61.3627007486, 0.0000000000
-30.4138920606, 61.3627007486, 0.0000000000
-30.4138920521, 61.3627007489, 0.0000000000
-30.4138920521, 61.3627007489, 0.0000000000
-30.5841924494, 61.1325804257, 0.0000000000
-30.5841924494, 61.1325804257, 0.0000000000
-30.6352047516, 61.0632892380, 0.0000000000
-30.6352047516, 61.0632892380, 0.0000000000
-30.7202195096, 60.9474405245, 0.0000000000
-30.7202195096, 60.9474405245, 0.0000000000
-30.8051997379, 60.8311731231, 0.0000000000
-30.8051997379, 60.8311731231, 0.0000000000
-30.9751824821, 60.5972010916, 0.0000000000
-30.9751824821, 60.5972010916, 0.0000000000
-32.1706934376, 58.8970280396, 0.0000000000
-32.1706934376, 58.8970280396, 0.0000000000
-32.1706934376, 58.8970280396, 0.0000000000
-32.1706934376, 58.8970280396, 0.0000000000
-32.3797423884, 58.5895673671, 0.0000000000
-32.3797423884, 58.5895673671, 0.0000000000
-32.7075615749, 58.1010853426, 0.0000000000
-32.7075615749, 58.1010853426, 0.0000000000
-32.9151562978, 57.7876731520, 0.0000000000
-32.9151562978, 57.7876731520, 0.0000000000
-33.1221146341, 57.4720166703, 0.0000000000
-33.1221146341, 57.4720166703, 0.0000000000
-33.1221146314, 57.4720166674, 0.0000000000
-33.1221146314, 57.4720166674, 0.0000000000
-33.5835710897, 56.7564083882, 0.0000000000
-33.5835710897, 56.7564083882, 0.0000000000
-33.5835710897, 56.7564083882, 0.0000000000
-33.5835710897, 56.7564083882, 0.0000000000
-33.8340675273, 56.3609637559, 0.0000000000
-33.8340675273, 56.3609637559, 0.0000000000
-34.0805874408, 55.9668688701, 0.0000000000
-34.0805874408, 55.9668688701, 0.0000000000
-34.2831801479, 55.6392637080, 0.0000000000
-34.2831801479, 55.6392637080, 0.0000000000
-34.5224339608, 55.2479476484, 0.0000000000
-34.5224339608, 55.2479476484, 0.0000000000
-34.7577455612, 54.8583044110, 0.0000000000
-34.7577455612, 54.8583044110, 0.0000000000
-34.9571585601, 54.5243180319, 0.0000000000
-34.9571585601, 54.5243180319, 0.0000000000
-35.1851806331, 54.1380664493, 0.0000000000
-35.1851806331, 54.1380664493, 0.0000000000
-35.5786784488, 53.4602919499, 0.0000000000
-35.5786784488, 53.4602919499, 0.0000000000
-35.7959963633, 53.0797053646, 0.0000000000
-35.7959963633, 53.0797053646, 0.0000000000
-36.0094933403, 52.7013340233, 0.0000000000
-36.0094933403, 52.7013340233, 0.0000000000
-36.2016981679, 52.3568130622, 0.0000000000
-36.2016981679, 52.3568130622, 0.0000000000
-36.4079539187, 51.9829138365, 0.0000000000
-36.4079539187, 51.9829138365, 0.0000000000
-36.8073268270, 51.2461918806, 0.0000000000
-36.8073268270, 51.2461918806, 0.0000000000
-36.9939732016, 50.8959307875, 0.0000000000
-36.9939732016, 50.8959307875, 0.0000000000
-37.1792040396, 50.5444488317, 0.0000000000
-37.1792040396, 50.5444488317, 0.0000000000
-37.3674363764, 50.1832138150, 0.0000000000
-37.3674363764, 50.1832138150, 0.0000000000
-37.7309192894, 49.4736770542, 0.0000000000
-37.7309192894, 49.4736770542, 0.0000000000
-38.0843267434, 48.7679906999, 0.0000000000
-38.0843267434, 48.7679906999, 0.0000000000
-38.0843267434, 48.7679906999, 0.0000000000
-38.0843267434, 48.7679906999, 0.0000000000
-38.4276620270, 48.0666493800, 0.0000000000
-38.4276620270, 48.0666493800, 0.0000000000
-38.5916970867, 47.7258249692, 0.0000000000
-38.5916970867, 47.7258249692, 0.0000000000
-38.7628692506, 47.3660570278, 0.0000000000
-38.7628692506, 47.3660570278, 0.0000000000
-38.9323142797, 47.0056569692, 0.0000000000
-38.9323142797, 47.0056569692, 0.0000000000
-39.2503345561, 46.3173313954, 0.0000000000
-39.2503345561, 46.3173313954, 0.0000000000
-39.2350313904, 46.3508203157, 0.0000000000
-39.2350313904, 46.3508203157, 0.0000000000
-39.5436085239, 45.6680913716, 0.0000000000
-39.5436085239, 45.6680913716, 0.0000000000
-39.8634659658, 44.9431566868, 0.0000000000
-39.8634659658, 44.9431566868, 0.0000000000
-39.8422852925, 44.9917272175, 0.0000000000
-39.8422852925, 44.9917272175, 0.0000000000
-40.1550352124, 44.2660166843, 0.0000000000
-40.1550352124, 44.2660166843, 0.0000000000
-40.3086283588, 43.9026900259, 0.0000000000
-40.3086283588, 43.9026900259, 0.0000000000
-40.2834019609, 43.9626872568, 0.0000000000
-40.2834019609, 43.9626872568, 0.0000000000
-40.4353583969, 43.5993126266, 0.0000000000
-40.4353583969, 43.5993126266, 0.0000000000
-40.7042540899, 42.9443497400, 0.0000000000
-40.7042540899, 42.9443497400, 0.0000000000
-40.8506159558, 42.5811188059, 0.0000000000
-40.8506159558, 42.5811188059, 0.0000000000
-40.9639878554, 42.2963471586, 0.0000000000
-40.9639878554, 42.2963471586, 0.0000000000
-41.1067139204, 41.9334501032, 0.0000000000
-41.1067139204, 41.9334501032, 0.0000000000
-41.2144554253, 41.6561512775, 0.0000000000
-41.2144554253, 41.6561512775, 0.0000000000
-41.3535355102, 41.2937674642, 0.0000000000
-41.3535355102, 41.2937674642, 0.0000000000
-41.4905292474, 40.9317544151, 0.0000000000
-41.4905292474, 40.9317544151, 0.0000000000
-41.7578396927, 40.2100701369, 0.0000000000
-41.7578396927, 40.2100701369, 0.0000000000
-41.8510446749, 39.9534202453, 0.0000000000
-41.8510446749, 39.9534202453, 0.0000000000
-41.9801914510, 39.5932778490, 0.0000000000
-41.9801914510, 39.5932778490, 0.0000000000
-42.2316607272, 38.8760942131, 0.0000000000
-42.2316607272, 38.8760942131, 0.0000000000
-42.3140990375, 38.6361395029, 0.0000000000
-42.3140990375, 38.6361395029, 0.0000000000
-42.3946489806, 38.3992496900, 0.0000000000
-42.3946489806, 38.3992496900, 0.0000000000
-42.5144722249, 38.0422479053, 0.0000000000
-42.5144722249, 38.0422479053, 0.0000000000
-42.6321246628, 37.6861130137, 0.0000000000
-42.6321246628, 37.6861130137, 0.0000000000
-42.8604807923, 36.9779745232, 0.0000000000
-42.8604807923, 36.9779745232, 0.0000000000
-43.0801263288, 36.2739688303, 0.0000000000
-43.0801263288, 36.2739688303, 0.0000000000
-43.1868980536, 35.9229175968, 0.0000000000
-43.1868980536, 35.9229175968, 0.0000000000
-43.2472163030, 35.7218811326, 0.0000000000
-43.2472163030, 35.7218811326, 0.0000000000
-43.3505552846, 35.3726835158, 0.0000000000
-43.3505552846, 35.3726835158, 0.0000000000
-43.4517163405, 35.0247230804, 0.0000000000
-43.4517163405, 35.0247230804, 0.0000000000
-43.5507027889, 34.6780451051, 0.0000000000
-43.5507027889, 34.6780451051, 0.0000000000
-43.6475189040, 34.3326939562, 0.0000000000
-43.6475189040, 34.3326939562, 0.0000000000
-43.7421699117, 33.9887130695, 0.0000000000
-43.7421699117, 33.9887130695, 0.0000000000
-43.8346619758, 33.6461449343, 0.0000000000
-43.8346619758, 33.6461449343, 0.0000000000
-43.9250021838, 33.3050310795, 0.0000000000
-43.9250021838, 33.3050310795, 0.0000000000
-44.0131985313, 32.9654120604, 0.0000000000
-44.0131985313, 32.9654120604, 0.0000000000
-44.0992599058, 32.6273274458, 0.0000000000
-44.0992599058, 32.6273274458, 0.0000000000
-44.1831960691, 32.2908158072, 0.0000000000
-44.1831960691, 32.2908158072, 0.0000000000
-44.2650176283, 31.9559147129, 0.0000000000
-44.2650176283, 31.9559147129, 0.0000000000
-44.3447360592, 31.6226607019, 0.0000000000
-44.3447360592, 31.6226607019, 0.0000000000
-44.4223636230, 31.2910893006, 0.0000000000
-44.4223636230, 31.2910893006, 0.0000000000
-44.4979133874, 30.9612349998, 0.0000000000
-44.4979133874, 30.9612349998, 0.0000000000
-44.5713991945, 30.6331312521, 0.0000000000
-44.5713991945, 30.6331312521, 0.0000000000
-44.7118485270, 29.9841468852, 0.0000000000
-44.7118485270, 29.9841468852, 0.0000000000
-44.7118485270, 29.9841468852, 0.0000000000
-44.7118485270, 29.9841468852, 0.0000000000
-44.7792443724, 29.6614744778, 0.0000000000
-44.7792443724, 29.6614744778, 0.0000000000
-44.9076781199, 29.0236692203, 0.0000000000
-44.9076781199, 29.0236692203, 0.0000000000
-44.9691341654, 28.7066900760, 0.0000000000
-44.9691341654, 28.7066900760, 0.0000000000
-45.0286426893, 28.3916660089, 0.0000000000
-45.0286426893, 28.3916660089, 0.0000000000
-45.1667298684, 27.6259767362, 0.0000000000
-45.1667298684, 27.6259767362, 0.0000000000
-45.2196563147, 27.3178987952, 0.0000000000
-45.2196563147, 27.3178987952, 0.0000000000
-45.3566148153, 26.4754224181, 0.0000000000
-45.3566148153, 26.4754224181, 0.0000000000
-45.4026512594, 26.1752090563, 0.0000000000
-45.4026512594, 26.1752090563, 0.0000000000
-45.5230632156, 25.3396107352, 0.0000000000
-45.5230632156, 25.3396107352, 0.0000000000
-45.5230632156, 25.3396107352, 0.0000000000
-45.5230632156, 25.3396107352, 0.0000000000
-45.6312854639, 24.5098821500, 0.0000000000
-45.6312854639, 24.5098821500, 0.0000000000
-45.7273546004, 23.6866847576, 0.0000000000
-45.7273546004, 23.6866847576, 0.0000000000
-45.7843018242, 23.1456148208, 0.0000000000
-45.7843018242, 23.1456148208, 0.0000000000
-45.8362357819, 22.6050903584, 0.0000000000
-45.8362357819, 22.6050903584, 0.0000000000
-45.9043496105, 21.7995353172, 0.0000000000
-45.9043496105, 21.7995353172, 0.0000000000
-45.9241961446, 21.5360410715, 0.0000000000
-45.9241961446, 21.5360410715, 0.0000000000
-45.9766727299, 20.7420029066, 0.0000000000
-45.9766727299, 20.7420029066, 0.0000000000
-46.0057935439, 20.2064083328, 0.0000000000
-46.0057935439, 20.2064083328, 0.0000000000
-46.0176091531, 19.9570679294, 0.0000000000
-46.0176091531, 19.9570679294, 0.0000000000
-46.0486722158, 19.1342405961, 0.0000000000
-46.0486722158, 19.1342405961, 0.0000000000
-46.0621687708, 18.6042709620, 0.0000000000
-46.0621687708, 18.6042709620, 0.0000000000
-46.0724702869, 17.8477544253, 0.0000000000
-46.0724702869, 17.8477544253, 0.0000000000
-46.0733460794, 17.3236576632, 0.0000000000
-46.0733460794, 17.3236576632, 0.0000000000
-46.0690660146, 16.8023076118, 0.0000000000
-46.0690660146, 16.8023076118, 0.0000000000
-46.0543457385, 16.0731439175, 0.0000000000
-46.0543457385, 16.0731439175, 0.0000000000
-46.0253422521, 15.2512690869, 0.0000000000
-46.0253422521, 15.2512690869, 0.0000000000
-46.0007012649, 14.7428172058, 0.0000000000
-46.0007012649, 14.7428172058, 0.0000000000
-45.9501728933, 13.9256591969, 0.0000000000
-45.9501728933, 13.9256591969, 0.0000000000
-45.9126256604, 13.4271868942, 0.0000000000
-45.9126256604, 13.4271868942, 0.0000000000
-45.8702690103, 12.9328210730, 0.0000000000
-45.8702690103, 12.9328210730, 0.0000000000
-45.6962405223, 11.3242117890, 0.0000000000
-45.6962405223, 11.3242117890, 0.0000000000
-45.6548230437, 11.0040337075, 0.0000000000
-45.6548230437, 11.0040337075, 0.0000000000
-45.5425498627, 10.2129746220, 0.0000000000
-45.5425498627, 10.2129746220, 0.0000000000
-45.4171638599, 9.4299795082, 0.0000000000
-45.4171638599, 9.4299795082, 0.0000000000
-45.2788458162, 8.6558787274, 0.0000000000
-45.2788458162, 8.6558787274, 0.0000000000
-45.1278187868, 7.8914817962, 0.0000000000
-45.1278187868, 7.8914817962, 0.0000000000
-44.8393063744, 6.6024966674, 0.0000000000
-44.8393063744, 6.6024966674, 0.0000000000
-44.5469105669, 5.4623525618, 0.0000000000
-44.5469105669, 5.4623525618, 0.0000000000
-44.3687808596, 4.8296001301, 0.0000000000
-44.3687808596, 4.8296001301, 0.0000000000
-44.1571620524, 4.1271465104, 0.0000000000
-44.1571620524, 4.1271465104, 0.0000000000
-43.9568334734, 3.5042645339, 0.0000000000
-43.9568334734, 3.5042645339, 0.0000000000
-43.6167252737, 2.5253702822, 0.0000000000
-43.6167252737, 2.5253702822, 0.0000000000
-43.2549598811, 1.5744115508, 0.0000000000
-43.2549598811, 1.5744115508, 0.0000000000
-43.0120690751, 0.9798636921, 0.0000000000
-43.0120690751, 0.9798636921, 0.0000000000
-42.4862212352, -0.2060010487, 0.0000000000
-42.4862212352, -0.2060010487, 0.0000000000
-42.2067775750, -0.7874152680, 0.0000000000
-42.2067775750, -0.7874152680, 0.0000000000
-41.7812870594, -1.6168430447, 0.0000000000
-41.7812870594, -1.6168430447, 0.0000000000
-41.1841110456, -2.6818928696, 0.0000000000
-41.1841110456, -2.6818928696, 0.0000000000
-40.7242803312, -3.4334542078, 0.0000000000
-40.7242803312, -3.4334542078, 0.0000000000
-40.0748211742, -4.4065988837, 0.0000000000
-40.0748211742, -4.4065988837, 0.0000000000
-39.5927678896, -5.0691564631, 0.0000000000
-39.5927678896, -5.0691564631, 0.0000000000
-38.9018066948, -5.9394683445, 0.0000000000
-38.9018066948, -5.9394683445, 0.0000000000
-38.1918648003, -6.7453945998, 0.0000000000
-38.1918648003, -6.7453945998, 0.0000000000
-37.6487118726, -7.3065865914, 0.0000000000
-37.6487118726, -7.3065865914, 0.0000000000
-37.0987464441, -7.8290885587, 0.0000000000
-37.0987464441, -7.8290885587, 0.0000000000
-36.3589983370, -8.4633086168, 0.0000000000
-36.3589983370, -8.4633086168, 0.0000000000
-35.9857992594, -8.7546505513, 0.0000000000
-35.9857992594, -8.7546505513, 0.0000000000
-35.4257343136, -9.1570648301, 0.0000000000
-35.4257343136, -9.1570648301, 0.0000000000
-34.6807522132, -9.6292155761, 0.0000000000
-34.6807522132, -9.6292155761, 0.0000000000
-34.1231593861, -9.9363407687, 0.0000000000
-34.1231593861, -9.9363407687, 0.0000000000
-33.3873278042, -10.2816243390, 0.0000000000
-33.3873278042, -10.2816243390, 0.0000000000
-32.8404114869, -10.4939935472, 0.0000000000
-32.8404114869, -10.4939935472, 0.0000000000
-32.4785671639, -10.6135865991, 0.0000000000
-32.4785671639, -10.6135865991, 0.0000000000
-31.7692957212, -10.7989451685, 0.0000000000
-31.7692957212, -10.7989451685, 0.0000000000
-30.7906357079, -10.9447491037, 0.0000000000
-30.7906357079, -10.9447491037, 0.0000000000
-30.2876286010, -10.9678752454, 0.0000000000
-30.2876286010, -10.9678752454, 0.0000000000
-29.7963378583, -10.9547694248, 0.0000000000
-29.7963378583, -10.9547694248, 0.0000000000
-29.3440960275, -10.9101326949, 0.0000000000
-29.3440960275, -10.9101326949, 0.0000000000
-28.8773877025, -10.8297125663, 0.0000000000
-28.8773877025, -10.8297125663, 0.0000000000
-28.4240438373, -10.7163924733, 0.0000000000
-28.4240438373, -10.7163924733, 0.0000000000
-27.8466282060, -10.5185524835, 0.0000000000
-27.8466282060, -10.5185524835, 0.0000000000
-27.4254527881, -10.3338180450, 0.0000000000
-27.4254527881, -10.3338180450, 0.0000000000
-27.2871386356, -10.2652856157, 0.0000000000
-27.2871386356, -10.2652856157, 0.0000000000
-26.7431158145, -9.9557328469, 0.0000000000
-26.7431158145, -9.9557328469, 0.0000000000
-26.2374948335, -9.6068870559, 0.0000000000
-26.2374948335, -9.6068870559, 0.0000000000
-25.9677245622, -9.3947257149, 0.0000000000
-25.9677245622, -9.3947257149, 0.0000000000
-25.6134567793, -9.0866033609, 0.0000000000
-25.6134567793, -9.0866033609, 0.0000000000
-25.1287247881, -8.6066802064, 0.0000000000
-25.1287247881, -8.6066802064, 0.0000000000
-24.7666548315, -8.2005528977, 0.0000000000
-24.7666548315, -8.2005528977, 0.0000000000
-24.6619285778, -8.0749783460, 0.0000000000
-24.6619285778, -8.0749783460, 0.0000000000
-24.3126902173, -7.6283941168, 0.0000000000
-24.3126902173, -7.6283941168, 0.0000000000
-23.8806363188, -7.0128486508, 0.0000000000
-23.8806363188, -7.0128486508, 0.0000000000
-23.6091854922, -6.5877045847, 0.0000000000
-23.6091854922, -6.5877045847, 0.0000000000
-23.5203589021, -6.4417855513, 0.0000000000
-23.5203589021, -6.4417855513, 0.0000000000
-23.2041074429, -5.8937591327, 0.0000000000
-23.2041074429, -5.8937591327, 0.0000000000
-22.8971728375, -5.3172490715, 0.0000000000
-22.8971728375, -5.3172490715, 0.0000000000
-22.5252481402, -4.5559514521, 0.0000000000
-22.5252481402, -4.5559514521, 0.0000000000
-22.3080700735, -4.0779410900, 0.0000000000
-22.3080700735, -4.0779410900, 0.0000000000
-21.8863808779, -3.0756948393, 0.0000000000
-21.8863808779, -3.0756948393, 0.0000000000
-21.7563512996, -2.7462876156, 0.0000000000
-21.7563512996, -2.7462876156, 0.0000000000
-21.4902188849, -2.0414170986, 0.0000000000
-21.4902188849, -2.0414170986, 0.0000000000
-21.2888609095, -1.4804324776, 0.0000000000
-21.2888609095, -1.4804324776, 0.0000000000
-20.8413610534, -0.1482156593, 0.0000000000
-20.8413610534, -0.1482156593, 0.0000000000
-20.5963911921, 0.6301182548, 0.0000000000
-20.5963911921, 0.6301182548, 0.0000000000
-20.4044100966, 1.2634189344, 0.0000000000
-20.4044100966, 1.2634189344, 0.0000000000
-20.1218272417, 2.2309214966, 0.0000000000
-20.1218272417, 2.2309214966, 0.0000000000
-19.9327233430, 2.9003053225, 0.0000000000
-19.9327233430, 2.9003053225, 0.0000000000
-19.7022579721, 3.7376968904, 0.0000000000
-19.7022579721, 3.7376968904, 0.0000000000
-19.1062932165, 5.9937214219, 0.0000000000
-19.1062932165, 5.9937214219, 0.0000000000
-18.8823721106, 6.8668344078, 0.0000000000
-18.8823721106, 6.8668344078, 0.0000000000
-18.5030297691, 8.3653623823, 0.0000000000
-18.5030297691, 8.3653623823, 0.0000000000
-18.3105514074, 9.1312121025, 0.0000000000
-18.3105514074, 9.1312121025, 0.0000000000
-18.0876754740, 10.0196176685, 0.0000000000
-18.0876754740, 10.0196176685, 0.0000000000
-17.6950092329, 11.5819066364, 0.0000000000
-17.6950092329, 11.5819066364, 0.0000000000
-17.0922277022, 13.9510128283, 0.0000000000
-17.0922277022, 13.9510128283, 0.0000000000
-16.6928940687, 15.4885174736, 0.0000000000
-16.6928940687, 15.4885174736, 0.0000000000
-16.4642595643, 16.3545801681, 0.0000000000
-16.4642595643, 16.3545801681, 0.0000000000
-16.0313510056, 17.9631627132, 0.0000000000
-16.0313510056, 17.9631627132, 0.0000000000
-15.8002582610, 18.8042928049, 0.0000000000
-15.8002582610, 18.8042928049, 0.0000000000
-15.3553303160, 20.3883702029, 0.0000000000
-15.3553303160, 20.3883702029, 0.0000000000
-14.8954717827, 21.9765515787, 0.0000000000
-14.8954717827, 21.9765515787, 0.0000000000
-14.4259789280, 23.5475081526, 0.0000000000
-14.4259789280, 23.5475081526, 0.0000000000
-13.9375381205, 25.1296821649, 0.0000000000
-13.9375381205, 25.1296821649, 0.0000000000
-13.4521421623, 26.6518536612, 0.0000000000
-13.4521421623, 26.6518536612, 0.0000000000
-12.9609901651, 28.1441412665, 0.0000000000
-12.9609901651, 28.1441412665, 0.0000000000
-12.7121451512, 28.8827880043, 0.0000000000
-12.7121451512, 28.8827880043, 0.0000000000
-12.2153134279, 30.3244380666, 0.0000000000
-12.2153134279, 30.3244380666, 0.0000000000
-11.4326984927, 32.5122668080, 0.0000000000
-11.4326984927, 32.5122668080, 0.0000000000
-11.4727682912, 32.4025701898, 0.0000000000
-11.4727682912, 32.4025701898, 0.0000000000
-10.9287924265, 33.8717595870, 0.0000000000
-10.9287924265, 33.8717595870, 0.0000000000
-10.3808880886, 35.3101507001, 0.0000000000
-10.3808880886, 35.3101507001, 0.0000000000
-9.8899614488, 36.5664513171, 0.0000000000
-9.8899614488, 36.5664513171, 0.0000000000
-9.3398604064, 37.9406128041, 0.0000000000
-9.3398604064, 37.9406128041, 0.0000000000
-8.7913250048, 39.2784252598, 0.0000000000
-8.7913250048, 39.2784252598, 0.0000000000
-8.6281452802, 39.6705683892, 0.0000000000
-8.6281452802, 39.6705683892, 0.0000000000
-8.0843256500, 40.9594395890, 0.0000000000
-8.0843256500, 40.9594395890, 0.0000000000
-7.7714559318, 41.6891123398, 0.0000000000
-7.7714559318, 41.6891123398, 0.0000000000
-7.3248914135, 42.7167149847, 0.0000000000
-7.3248914135, 42.7167149847, 0.0000000000
-6.7971836186, 43.9116020582, 0.0000000000
-6.7971836186, 43.9116020582, 0.0000000000
-6.5834166331, 44.3900827205, 0.0000000000
-6.5834166331, 44.3900827205, 0.0000000000
-5.9679694792, 45.7513604023, 0.0000000000
-5.9679694792, 45.7513604023, 0.0000000000
-5.8682593154, 45.9697761384, 0.0000000000
-5.8682593154, 45.9697761384, 0.0000000000
-5.0736770767, 47.6914837951, 0.0000000000
-5.0736770767, 47.6914837951, 0.0000000000
-4.5946364643, 48.7151596529, 0.0000000000
-4.5946364643, 48.7151596529, 0.0000000000
-4.0128358098, 49.9465083119, 0.0000000000
-4.0128358098, 49.9465083119, 0.0000000000
-3.5650123620, 50.8869995443, 0.0000000000
-3.5650123620, 50.8869995443, 0.0000000000
-3.4057414572, 51.2202329285, 0.0000000000
-3.4057414572, 51.2202329285, 0.0000000000
-2.4509164017, 53.2083368477, 0.0000000000
-2.4509164017, 53.2083368477, 0.0000000000
-2.3140710501, 53.4924255373, 0.0000000000
-2.3140710501, 53.4924255373, 0.0000000000
-1.7999728307, 54.5593671523, 0.0000000000
-1.7999728307, 54.5593671523, 0.0000000000
-1.6768519663, 54.8150090620, 0.0000000000
-1.6768519663, 54.8150090620, 0.0000000000
-1.3144166779, 55.5684323429, 0.0000000000
-1.3144166779, 55.5684323429, 0.0000000000
-0.8397901616, 56.5585335988, 0.0000000000
-0.8397901616, 56.5585335988, 0.0000000000
-0.5131126491, 57.2435825483, 0.0000000000
-0.5131126491, 57.2435825483, 0.0000000000
-0.0745977664, 58.1697962172, 0.0000000000
-0.0745977664, 58.1697962172, 0.0000000000
0.0106001618, 58.3508440527, 0.0000000000
0.0106001618, 58.3508440527, 0.0000000000
0.2983122426, 58.9654295114, 0.0000000000
0.2983122426, 58.9654295114, 0.0000000000
0.6959685967, 59.8245160214, 0.0000000000
0.6959685967, 59.8245160214, 0.0000000000
0.9503667894, 60.3812964174, 0.0000000000
0.9503667894, 60.3812964174, 0.0000000000
1.3118015299, 61.1842684204, 0.0000000000
1.3118015299, 61.1842684204, 0.0000000000
1.5347984024, 61.6880131466, 0.0000000000
1.5347984024, 61.6880131466, 0.0000000000
1.7010180695, 62.0683431424, 0.0000000000
1.7010180695, 62.0683431424, 0.0000000000
1.8619108840, 62.4409242147, 0.0000000000
1.8619108840, 62.4409242147, 0.0000000000
2.0556414761, 62.8960589069, 0.0000000000
2.0556414761, 62.8960589069, 0.0000000000
2.4847231887, 63.9346096300, 0.0000000000
2.4847231887, 63.9346096300, 0.0000000000
2.5130137035, 64.0048129060, 0.0000000000
2.5130137035, 64.0048129060, 0.0000000000
2.7727755204, 64.6614415996, 0.0000000000
2.7727755204, 64.6614415996, 0.0000000000
2.7950065849, 64.7187351353, 0.0000000000
2.7950065849, 64.7187351353, 0.0000000000
3.1445890108, 65.6471217490, 0.0000000000
3.1445890108, 65.6471217490, 0.0000000000
3.2525393615, 65.9459750368, 0.0000000000
3.2525393615, 65.9459750368, 0.0000000000
3.5540278862, 66.8204033038, 0.0000000000
3.5540278862, 66.8204033038, 0.0000000000
3.5609208857, 66.8412018953, 0.0000000000
3.5609208857, 66.8412018953, 0.0000000000
3.7351228923, 67.3815803669, 0.0000000000
3.7351228923, 67.3815803669, 0.0000000000
3.8162750841, 67.6443461018, 0.0000000000
3.8162750841, 67.6443461018, 0.0000000000
4.0340856223, 68.3946749222, 0.0000000000
4.0340856223, 68.3946749222, 0.0000000000
4.1607819504, 68.8710661449, 0.0000000000
4.1607819504, 68.8710661449, 0.0000000000
4.2729970422, 69.3278089335, 0.0000000000
4.2729970422, 69.3278089335, 0.0000000000
4.3714144946, 69.7657052345, 0.0000000000
4.3714144946, 69.7657052345, 0.0000000000
4.4567100074, 70.1855260933, 0.0000000000
4.4567100074, 70.1855260933, 0.0000000000
4.5295484876, 70.5880123487, 0.0000000000
4.5295484876, 70.5880123487, 0.0000000000
4.5905816262, 70.9738754345, 0.0000000000
4.5905816262, 70.9738754345, 0.0000000000
4.6113284753, 71.1200468356, 0.0000000000
4.6113284753, 71.1200468356, 0.0000000000
4.6757160744, 71.6580054423, 0.0000000000
4.6757160744, 71.6580054423, 0.0000000000
4.6922426733, 71.8313658242, 0.0000000000
4.6922426733, 71.8313658242, 0.0000000000
4.7179272524, 72.1658530142, 0.0000000000
4.7179272524, 72.1658530142, 0.0000000000
4.7344660549, 72.4865129983, 0.0000000000
4.7344660549, 72.4865129983, 0.0000000000
4.7433345692, 72.9408906441, 0.0000000000
4.7433345692, 72.9408906441, 0.0000000000
4.7348001941, 73.3674664910, 0.0000000000
4.7348001941, 73.3674664910, 0.0000000000
4.6703787408, 74.1574488786, 0.0000000000
4.6703787408, 74.1574488786, 0.0000000000
4.6543547503, 74.2783908123, 0.0000000000
4.6543547503, 74.2783908123, 0.0000000000
4.6183929287, 74.5116483282, 0.0000000000
4.6183929287, 74.5116483282, 0.0000000000
4.5385096876, 74.9191757912, 0.0000000000
4.5385096876, 74.9191757912, 0.0000000000
4.4890544213, 75.1258894496, 0.0000000000
4.4890544213, 75.1258894496, 0.0000000000
4.2950757859, 75.7600384520, 0.0000000000
4.2950757859, 75.7600384520, 0.0000000000
4.1970575178, 76.0148209407, 0.0000000000
4.1970575178, 76.0148209407, 0.0000000000
4.1283414214, 76.1761029267, 0.0000000000
4.1283414214, 76.1761029267, 0.0000000000
3.9796373326, 76.4876373875, 0.0000000000
3.9796373326, 76.4876373875, 0.0000000000
3.7285516384, 76.9286734566, 0.0000000000
3.7285516384, 76.9286734566, 0.0000000000
3.5511676433, 77.1938045477, 0.0000000000
3.5511676433, 77.1938045477, 0.0000000000
3.3642284154, 77.4419769711, 0.0000000000
3.3642284154, 77.4419769711, 0.0000000000
3.0519871493, 77.8009464750, 0.0000000000
3.0519871493, 77.8009464750, 0.0000000000
2.8446087528, 78.0087397224, 0.0000000000
2.8446087528, 78.0087397224, 0.0000000000
2.4968385552, 78.3138550224, 0.0000000000
2.4968385552, 78.3138550224, 0.0000000000
2.0905262926, 78.6149781194, 0.0000000000
2.0905262926, 78.6149781194, 0.0000000000
1.7443749928, 78.8335827950, 0.0000000000
1.7443749928, 78.8335827950, 0.0000000000
1.3470795033, 79.0489909974, 0.0000000000
1.3470795033, 79.0489909974, 0.0000000000
0.9375844529, 79.2373749964, 0.0000000000
0.9375844529, 79.2373749964, 0.0000000000
0.5178330355, 79.4001077370, 0.0000000000
0.5178330355, 79.4001077370, 0.0000000000
0.1163196748, 79.5306688858, 0.0000000000
0.1163196748, 79.5306688858, 0.0000000000
-0.7311292264, 79.7374485013, 0.0000000000
-0.7311292264, 79.7374485013, 0.0000000000
-1.3812681388, 79.8419096596, 0.0000000000
-1.3812681388, 79.8419096596, 0.0000000000
-1.8195061262, 79.8892188927, 0.0000000000
-1.8195061262, 79.8892188927, 0.0000000000
-2.4852619070, 79.9290937363, 0.0000000000
-2.4852619070, 79.9290937363, 0.0000000000
-3.1558717468, 79.9337548376, 0.0000000000
-3.1558717468, 79.9337548376, 0.0000000000
-4.0595571911, 79.8892065146, 0.0000000000
-4.0595571911, 79.8892065146, 0.0000000000
-4.4947644958, 79.8485540940, 0.0000000000
-4.4947644958, 79.8485540940, 0.0000000000
-4.9778654756, 79.7897274755, 0.0000000000
-4.9778654756, 79.7897274755, 0.0000000000
-5.6422429991, 79.6864163684, 0.0000000000
-5.6422429991, 79.6864163684, 0.0000000000
-6.3413521534, 79.5510861867, 0.0000000000
-6.3413521534, 79.5510861867, 0.0000000000
-6.7921909894, 79.4499761535, 0.0000000000
-6.7921909894, 79.4499761535, 0.0000000000
-7.4879446359, 79.2734861183, 0.0000000000
-7.4879446359, 79.2734861183, 0.0000000000
-7.6246468139, 79.2359646062, 0.0000000000
-7.6246468139, 79.2359646062, 0.0000000000
-7.8768073074, 79.1643493419, 0.0000000000
-7.8768073074, 79.1643493419, 0.0000000000
-8.3159840307, 79.0322813574, 0.0000000000
-8.3159840307, 79.0322813574, 0.0000000000
-8.5688642526, 78.9520683668, 0.0000000000
-8.5688642526, 78.9520683668, 0.0000000000
-8.7513595260, 78.8923136281, 0.0000000000
-8.7513595260, 78.8923136281, 0.0000000000
-9.1815159448, 78.7453453316, 0.0000000000
-9.1815159448, 78.7453453316, 0.0000000000
-9.3571592662, 78.6828881552, 0.0000000000
-9.3571592662, 78.6828881552, 0.0000000000
-9.8619963624, 78.4955787952, 0.0000000000
-9.8619963624, 78.4955787952, 0.0000000000
-10.0296473557, 78.4308414664, 0.0000000000
-10.0296473557, 78.4308414664, 0.0000000000
-10.2819670544, 78.3310509690, 0.0000000000
-10.2819670544, 78.3310509690, 0.0000000000
-10.6927450863, 78.1625754021, 0.0000000000
-10.6927450863, 78.1625754021, 0.0000000000
-10.9440152243, 78.0558753256, 0.0000000000
-10.9440152243, 78.0558753256, 0.0000000000
-11.0982224286, 77.9890314687, 0.0000000000
-11.0982224286, 77.9890314687, 0.0000000000
-11.3486361905, 77.8782907958, 0.0000000000
-11.3486361905, 77.8782907958, 0.0000000000
-11.7435222457, 77.6981717845, 0.0000000000
-11.7435222457, 77.6981717845, 0.0000000000
-11.7435222457, 77.6981717845, 0.0000000000
-11.7435222457, 77.6981717845, 0.0000000000
-12.3750635519, 77.3962550516, 0.0000000000
-12.3750635519, 77.3962550516, 0.0000000000
-12.6217705879, 77.2737147721, 0.0000000000
-12.6217705879, 77.2737147721, 0.0000000000
-12.7536369382, 77.2071616949, 0.0000000000
-12.7536369382, 77.2071616949, 0.0000000000
-13.2421842076, 76.9542101119, 0.0000000000
-13.2421842076, 76.9542101119, 0.0000000000
-13.4855468560, 76.8244670097, 0.0000000000
-13.4855468560, 76.8244670097, 0.0000000000
-13.7217185323, 76.6961869738, 0.0000000000
-13.7217185323, 76.6961869738, 0.0000000000
-14.2018503072, 76.4282132230, 0.0000000000
-14.2018503072, 76.4282132230, 0.0000000000
-14.6772516895, 76.1534106947, 0.0000000000
-14.6772516895, 76.1534106947, 0.0000000000
-14.7798627075, 76.0928623029, 0.0000000000
-14.7798627075, 76.0928623029, 0.0000000000
-15.1128740709, 75.8933414926, 0.0000000000
-15.1128740709, 75.8933414926, 0.0000000000
-15.2090838925, 75.8348390778, 0.0000000000
-15.2090838925, 75.8348390778, 0.0000000000
-15.6734252873, 75.5470704796, 0.0000000000
-15.6734252873, 75.5470704796, 0.0000000000
-16.3574102506, 75.1068232656, 0.0000000000
-16.3574102506, 75.1068232656, 0.0000000000
-16.4350484744, 75.0556181198, 0.0000000000
-16.4350484744, 75.0556181198, 0.0000000000
-16.8839715818, 74.7545968442, 0.0000000000
-16.8839715818, 74.7545968442, 0.0000000000
-17.1726995587, 74.5565332989, 0.0000000000
-17.1726995587, 74.5565332989, 0.0000000000
-17.3935239390, 74.4026887619, 0.0000000000
-17.3935239390, 74.4026887619, 0.0000000000
-17.8290001173, 74.0932835092, 0.0000000000
-17.8290001173, 74.0932835092, 0.0000000000
-18.0966520799, 73.8991429787, 0.0000000000
-18.0966520799, 73.8991429787, 0.0000000000
-18.3106281870, 73.7417522903, 0.0000000000
-18.3106281870, 73.7417522903, 0.0000000000
-18.7321729591, 73.4259858267, 0.0000000000
-18.7321729591, 73.4259858267, 0.0000000000
-18.7736339153, 73.3945191518, 0.0000000000
-18.7736339153, 73.3945191518, 0.0000000000
-19.1877712992, 73.0761688869, 0.0000000000
-19.1877712992, 73.0761688869, 0.0000000000
-19.3929974778, 72.9156781097, 0.0000000000
-19.3929974778, 72.9156781097, 0.0000000000
-19.7968525358, 72.5945398856, 0.0000000000
-19.7968525358, 72.5945398856, 0.0000000000
-19.9969015479, 72.4328417009, 0.0000000000
-19.9969015479, 72.4328417009, 0.0000000000
-20.3903367840, 72.1097310383, 0.0000000000
-20.3903367840, 72.1097310383, 0.0000000000
-20.5851508490, 71.9472235746, 0.0000000000
-20.5851508490, 71.9472235746, 0.0000000000
-20.7782070409, 71.7845303633, 0.0000000000
-20.7782070409, 71.7845303633, 0.0000000000
-21.3425901058, 71.2994165667, 0.0000000000
-21.3425901058, 71.2994165667, 0.0000000000
-21.5286339911, 71.1363811176, 0.0000000000
-21.5286339911, 71.1363811176, 0.0000000000
-21.8940192184, 70.8116400036, 0.0000000000
-21.8940192184, 70.8116400036, 0.0000000000
-22.0747876563, 70.6487401707, 0.0000000000
-22.0747876563, 70.6487401707, 0.0000000000
-22.4296503624, 70.3246114794, 0.0000000000
-22.4296503624, 70.3246114794, 0.0000000000
-23.1382417530, 69.6599845038, 0.0000000000
-23.1382417530, 69.6599845038, 0.0000000000
-23.3066185992, 69.4986060042, 0.0000000000
-23.3066185992, 69.4986060042, 0.0000000000
-23.9924619180, 68.8273819727, 0.0000000000
-23.9924619180, 68.8273819727, 0.0000000000
-24.3084633417, 68.5105242186, 0.0000000000
-24.3084633417, 68.5105242186, 0.0000000000
-24.8176121945, 67.9897607167, 0.0000000000
-24.8176121945, 67.9897607167, 0.0000000000
-25.4611892877, 67.3131348629, 0.0000000000
-25.4611892877, 67.3131348629, 0.0000000000
-26.0856557781, 66.6365884670, 0.0000000000
-26.0856557781, 66.6365884670, 0.0000000000
-26.8181310370, 65.8172806439, 0.0000000000
-26.8181310370, 65.8172806439, 0.0000000000
-27.4002991796, 65.1457661033, 0.0000000000
-27.4002991796, 65.1457661033, 0.0000000000
-27.8485087674, 64.6161981535, 0.0000000000
-27.8485087674, 64.6161981535, 0.0000000000
-28.6039396017, 63.6982363688, 0.0000000000
-28.6039396017, 63.6982363688, 0.0000000000
-29.3339407086, 62.7799513289, 0.0000000000
-29.3339407086, 62.7799513289, 0.0000000000
-29.8312568438, 62.1362075707, 0.0000000000
-29.8312568438, 62.1362075707, 0.0000000000
-30.6008393250, 61.1099869073, 0.0000000000
-30.6008393250, 61.1099869073, 0.0000000000
-31.2584342098, 60.2031077106, 0.0000000000
-31.2584342098, 60.2031077106, 0.0000000000
-32.0954485248, 59.0069358094, 0.0000000000
-32.0954485248, 59.0069358094, 0.0000000000
-32.2261286138, 58.8157994576, 0.0000000000
-32.2261286138, 58.8157994576, 0.0000000000
-33.5703362782, 56.7771630636, 0.0000000000
-33.5703362782, 56.7771630636, 0.0000000000
-34.1075436843, 55.9234747690, 0.0000000000
-34.1075436843, 55.9234747690, 0.0000000000
-34.7826989795, 54.8167029592, 0.0000000000
-34.7826989795, 54.8167029592, 0.0000000000
-35.2943129633, 53.9515332678, 0.0000000000
-35.2943129633, 53.9515332678, 0.0000000000
-35.9233442086, 52.8545531452, 0.0000000000
-35.9233442086, 52.8545531452, 0.0000000000
-36.5399228546, 51.7413558774, 0.0000000000
-36.5399228546, 51.7413558774, 0.0000000000
-37.3071608053, 50.2993397158, 0.0000000000
-37.3071608053, 50.2993397158, 0.0000000000
-37.6733431813, 49.5871457330, 0.0000000000
-37.6733431813, 49.5871457330, 0.0000000000
-38.1939516034, 48.5457869448, 0.0000000000
-38.1939516034, 48.5457869448, 0.0000000000
-38.6753338212, 47.5505706147, 0.0000000000
-38.6753338212, 47.5505706147, 0.0000000000
-38.9885184500, 46.8851548554, 0.0000000000
-38.9885184500, 46.8851548554, 0.0000000000
-39.7244895173, 45.2603674972, 0.0000000000
-39.7244895173, 45.2603674972, 0.0000000000
-40.1237077885, 44.3395499337, 0.0000000000
-40.1237077885, 44.3395499337, 0.0000000000
-40.6419676417, 43.0974636910, 0.0000000000
-40.6419676417, 43.0974636910, 0.0000000000
-40.8738031522, 42.5231223862, 0.0000000000
-40.8738031522, 42.5231223862, 0.0000000000
-41.3350252492, 41.3422916536, 0.0000000000
-41.3350252492, 41.3422916536, 0.0000000000
-41.7600903768, 40.2039040912, 0.0000000000
-41.7600903768, 40.2039040912, 0.0000000000
-41.9430986305, 39.6972651379, 0.0000000000
-41.9430986305, 39.6972651379, 0.0000000000
-42.3583125792, 38.5064140327, 0.0000000000
-42.3583125792, 38.5064140327, 0.0000000000
-42.7410664113, 37.3511553246, 0.0000000000
-42.7410664113, 37.3511553246, 0.0000000000
-42.8798897150, 36.9167027282, 0.0000000000
-42.8798897150, 36.9167027282, 0.0000000000
-43.2202759743, 35.8119195999, 0.0000000000
-43.2202759743, 35.8119195999, 0.0000000000
-43.4885541244, 34.8964416707, 0.0000000000
-43.4885541244, 34.8964416707, 0.0000000000
-43.7770192408, 33.8604067253, 0.0000000000
-43.7770192408, 33.8604067253, 0.0000000000
-44.0398328256, 32.8615067552, 0.0000000000
-44.0398328256, 32.8615067552, 0.0000000000
-44.0800921675, 32.7032195071, 0.0000000000
-44.0800921675, 32.7032195071, 0.0000000000
-44.3151395035, 31.7472170434, 0.0000000000
-44.3151395035, 31.7472170434, 0.0000000000
-44.5709140719, 30.6353218609, 0.0000000000
-44.5709140719, 30.6353218609, 0.0000000000
-44.6933226686, 30.0715090976, 0.0000000000
-44.6933226686, 30.0715090976, 0.0000000000
-44.9509691965, 28.8012349428, 0.0000000000
-44.9509691965, 28.8012349428, 0.0000000000
-45.0454026317, 28.3014133906, 0.0000000000
-45.0454026317, 28.3014133906, 0.0000000000
-45.1178662791, 27.9028848986, 0.0000000000
-45.1178662791, 27.9028848986, 0.0000000000
-45.2374932691, 27.2120321392, 0.0000000000
-45.2374932691, 27.2120321392, 0.0000000000
-45.4004103458, 26.1900464009, 0.0000000000
-45.4004103458, 26.1900464009, 0.0000000000
-45.4447596362, 25.8918575090, 0.0000000000
-45.4447596362, 25.8918575090, 0.0000000000
-45.5341252694, 25.2586314750, 0.0000000000
-45.5341252694, 25.2586314750, 0.0000000000
-45.6451172513, 24.3970887565, 0.0000000000
-45.6451172513, 24.3970887565, 0.0000000000
-45.6823213363, 24.0846825813, 0.0000000000
-45.6823213363, 24.0846825813, 0.0000000000
-45.7449732320, 23.5242163547, 0.0000000000
-45.7449732320, 23.5242163547, 0.0000000000
-45.8738201623, 22.1770442392, 0.0000000000
-45.8738201623, 22.1770442392, 0.0000000000
-45.9520337805, 21.1357224470, 0.0000000000
-45.9520337805, 21.1357224470, 0.0000000000
-45.9684686015, 20.8780291543, 0.0000000000
-45.9684686015, 20.8780291543, 0.0000000000
-46.0097905802, 20.1246427065, 0.0000000000
-46.0097905802, 20.1246427065, 0.0000000000
-46.0313508811, 19.6317363950, 0.0000000000
-46.0313508811, 19.6317363950, 0.0000000000
-46.0549492097, 18.9123081027, 0.0000000000
-46.0549492097, 18.9123081027, 0.0000000000
-46.0688203412, 18.2130813437, 0.0000000000
-46.0688203412, 18.2130813437, 0.0000000000
-46.0729950939, 17.7561672490, 0.0000000000
-46.0729950939, 17.7561672490, 0.0000000000
-46.0699896091, 16.8763879392, 0.0000000000
-46.0699896091, 16.8763879392, 0.0000000000
-46.0631508931, 16.4458397404, 0.0000000000
-46.0631508931, 16.4458397404, 0.0000000000
-46.0529830482, 16.0239828528, 0.0000000000
-46.0529830482, 16.0239828528, 0.0000000000
-46.0236696501, 15.2130578554, 0.0000000000
-46.0236696501, 15.2130578554, 0.0000000000
-46.0144325433, 15.0128810250, 0.0000000000
-46.0144325433, 15.0128810250, 0.0000000000
-45.9758843243, 14.3140789405, 0.0000000000
-45.9758843243, 14.3140789405, 0.0000000000
-45.9421031386, 13.8125412761, 0.0000000000
-45.9421031386, 13.8125412761, 0.0000000000
-45.9141200565, 13.4457960171, 0.0000000000
-45.9141200565, 13.4457960171, 0.0000000000
-45.8719424289, 12.9512733947, 0.0000000000
-45.8719424289, 12.9512733947, 0.0000000000
-45.7899072922, 12.1251569472, 0.0000000000
-45.7899072922, 12.1251569472, 0.0000000000
-45.7351446210, 11.6424396172, 0.0000000000
-45.7351446210, 11.6424396172, 0.0000000000
-45.6961348191, 11.3233714800, 0.0000000000
-45.6961348191, 11.3233714800, 0.0000000000
-45.6129479955, 10.6970593293, 0.0000000000
-45.6129479955, 10.6970593293, 0.0000000000
-45.5229369104, 10.0843502195, 0.0000000000
-45.5229369104, 10.0843502195, 0.0000000000
-45.4493488967, 9.6226103959, 0.0000000000
-45.4493488967, 9.6226103959, 0.0000000000
-45.3482372165, 9.0340966097, 0.0000000000
-45.3482372165, 9.0340966097, 0.0000000000
-45.2413936929, 8.4592907345, 0.0000000000
-45.2413936929, 8.4592907345, 0.0000000000
-45.1780816794, 8.1378046879, 0.0000000000
-45.1780816794, 8.1378046879, 0.0000000000
-44.9694421128, 7.1600880368, 0.0000000000
-44.9694421128, 7.1600880368, 0.0000000000
-44.9446346556, 7.0510206197, 0.0000000000
-44.9446346556, 7.0510206197, 0.0000000000
-44.7429869072, 6.2111486968, 0.0000000000
-44.7429869072, 6.2111486968, 0.0000000000
-44.6368974049, 5.7985931707, 0.0000000000
-44.6368974049, 5.7985931707, 0.0000000000
-44.4401451719, 5.0781744590, 0.0000000000
-44.4401451719, 5.0781744590, 0.0000000000
-44.1361045267, 4.0598589236, 0.0000000000
-44.1361045267, 4.0598589236, 0.0000000000
-44.1134484531, 3.9879572405, 0.0000000000
-44.1134484531, 3.9879572405, 0.0000000000
-43.8892806053, 3.3024259334, 0.0000000000
-43.8892806053, 3.3024259334, 0.0000000000
-43.5257376103, 2.2781492869, 0.0000000000
-43.5257376103, 2.2781492869, 0.0000000000
-43.1586172375, 1.3346784999, 0.0000000000
-43.1586172375, 1.3346784999, 0.0000000000
-42.8977929867, 0.7109836859, 0.0000000000
-42.8977929867, 0.7109836859, 0.0000000000
-42.6291534430, 0.1038095337, 0.0000000000
-42.6291534430, 0.1038095337, 0.0000000000
-42.3532627772, -0.4865082249, 0.0000000000
-42.3532627772, -0.4865082249, 0.0000000000
-41.9303535891, -1.3334630268, 0.0000000000
-41.9303535891, -1.3334630268, 0.0000000000
-41.6389112187, -1.8806751875, 0.0000000000
-41.6389112187, -1.8806751875, 0.0000000000
-41.0390540992, -2.9250066988, 0.0000000000
-41.0390540992, -2.9250066988, 0.0000000000
-40.5756746962, -3.6648349870, 0.0000000000
-40.5756746962, -3.6648349870, 0.0000000000
-40.1022960247, -4.3673655749, 0.0000000000
-40.1022960247, -4.3673655749, 0.0000000000
-39.5987507616, -5.0612233837, 0.0000000000
-39.5987507616, -5.0612233837, 0.0000000000
-38.9676370713, -5.8603418660, 0.0000000000
-38.9676370713, -5.8603418660, 0.0000000000
-38.6149968918, -6.2753338994, 0.0000000000
-38.6149968918, -6.2753338994, 0.0000000000
-37.9822126582, -6.9674936272, 0.0000000000
-37.9822126582, -6.9674936272, 0.0000000000
-37.2536998281, -7.6863859567, 0.0000000000
-37.2536998281, -7.6863859567, 0.0000000000
-36.7567396558, -8.1318492437, 0.0000000000
-36.7567396558, -8.1318492437, 0.0000000000
-36.0142699478, -8.7330850745, 0.0000000000
-36.0142699478, -8.7330850745, 0.0000000000
-35.3421198892, -9.2136185188, 0.0000000000
-35.3421198892, -9.2136185188, 0.0000000000
-34.5973911059, -9.6776339702, 0.0000000000
-34.5973911059, -9.6776339702, 0.0000000000
-33.8569605116, -10.0691249269, 0.0000000000
-33.8569605116, -10.0691249269, 0.0000000000
-33.0425063338, -10.4199339726, 0.0000000000
-33.0425063338, -10.4199339726, 0.0000000000
-32.4997431314, -10.6070497900, 0.0000000000
-32.4997431314, -10.6070497900, 0.0000000000
-31.9645888284, -10.7544605899, 0.0000000000
-31.9645888284, -10.7544605899, 0.0000000000
-30.7653591473, -10.9467704157, 0.0000000000
-30.7653591473, -10.9467704157, 0.0000000000
-30.1000790039, -10.9671173484, 0.0000000000
-30.1000790039, -10.9671173484, 0.0000000000
-29.3011046642, -10.9042101016, 0.0000000000
-29.3011046642, -10.9042101016, 0.0000000000
-28.2695987434, -10.6695065018, 0.0000000000
-28.2695987434, -10.6695065018, 0.0000000000
-27.6950439776, -10.4561332311, 0.0000000000
-27.6950439776, -10.4561332311, 0.0000000000
-26.2408820911, -9.6094322719, 0.0000000000
-26.2408820911, -9.6094322719, 0.0000000000
-25.8763124940, -9.3185014010, 0.0000000000
-25.8763124940, -9.3185014010, 0.0000000000
-24.9144505058, -8.3714917777, 0.0000000000
-24.9144505058, -8.3714917777, 0.0000000000
-24.2626478152, -7.5607706441, 0.0000000000
-24.2626478152, -7.5607706441, 0.0000000000
-23.9247439174, -7.0790541481, 0.0000000000
-23.9247439174, -7.0790541481, 0.0000000000
-23.1999124100, -5.8861821848, 0.0000000000
-23.1999124100, -5.8861821848, 0.0000000000
-22.4549014610, -4.4038843071, 0.0000000000
-22.4549014610, -4.4038843071, 0.0000000000
-21.8325805909, -2.9405841208, 0.0000000000
-21.8325805909, -2.9405841208, 0.0000000000
-21.1402710015, -1.0511106995, 0.0000000000
-21.1402710015, -1.0511106995, 0.0000000000
-20.5091919062, 0.9152813237, 0.0000000000
-20.5091919062, 0.9152813237, 0.0000000000
-19.8994448795, 3.0198075005, 0.0000000000
-19.8994448795, 3.0198075005, 0.0000000000
-19.1922853829, 5.6615081749, 0.0000000000
-19.1922853829, 5.6615081749, 0.0000000000
-18.4422704719, 8.6068656746, 0.0000000000
-18.4422704719, 8.6068656746, 0.0000000000
-18.0009854822, 10.3651298031, 0.0000000000
-18.0009854822, 10.3651298031, 0.0000000000
-17.3861991420, 12.8016633737, 0.0000000000
-17.3861991420, 12.8016633737, 0.0000000000
-16.7375752926, 15.3180051922, 0.0000000000
-16.7375752926, 15.3180051922, 0.0000000000
-16.0982692815, 17.7172805836, 0.0000000000
-16.0982692815, 17.7172805836, 0.0000000000
-15.2076671901, 20.9037567070, 0.0000000000
-15.2076671901, 20.9037567070, 0.0000000000
-14.2834056260, 24.0147297491, 0.0000000000
-14.2834056260, 24.0147297491, 0.0000000000
-13.5499215548, 26.3491070848, 0.0000000000
-13.5499215548, 26.3491070848, 0.0000000000
-12.3401918530, 29.9661070923, 0.0000000000
-12.3401918530, 29.9661070923, 0.0000000000
-11.8419167101, 31.3804187813, 0.0000000000
-11.8419167101, 31.3804187813, 0.0000000000
-10.5231502149, 34.9404767151, 0.0000000000
-10.5231502149, 34.9404767151, 0.0000000000
-8.5261722445, 39.9143258991, 0.0000000000
-8.5261722445, 39.9143258991, 0.0000000000
-7.5397389950, 42.2242930682, 0.0000000000
-7.5397389950, 42.2242930682, 0.0000000000
-6.4953211213, 44.5863886474, 0.0000000000
-6.4953211213, 44.5863886474, 0.0000000000
-5.4058028530, 46.9757100686, 0.0000000000
-5.4058028530, 46.9757100686, 0.0000000000
-4.9180348142, 48.0251549810, 0.0000000000
-4.9180348142, 48.0251549810, 0.0000000000
-3.5596105048, 50.8983114341, 0.0000000000
-3.5596105048, 50.8983114341, 0.0000000000
-2.4475019535, 53.2154265297, 0.0000000000
-2.4475019535, 53.2154265297, 0.0000000000
-1.8069919119, 54.5447960510, 0.0000000000
-1.8069919119, 54.5447960510, 0.0000000000
-1.3262194697, 55.5438689503, 0.0000000000
-1.3262194697, 55.5438689503, 0.0000000000
-0.6521673998, 56.9515448830, 0.0000000000
-0.6521673998, 56.9515448830, 0.0000000000
-0.1199811827, 58.0735149750, 0.0000000000
-0.1199811827, 58.0735149750, 0.0000000000
0.4482155456, 59.2878343776, 0.0000000000
0.4482155456, 59.2878343776, 0.0000000000
0.7808702255, 60.0096450140, 0.0000000000
0.7808702255, 60.0096450140, 0.0000000000
1.0900688648, 60.6898624135, 0.0000000000
1.0900688648, 60.6898624135, 0.0000000000
1.4433187507, 61.4805112855, 0.0000000000
1.4433187507, 61.4805112855, 0.0000000000
1.4944162250, 61.5962630936, 0.0000000000
1.4944162250, 61.5962630936, 0.0000000000
1.7520610429, 62.1860480303, 0.0000000000
1.7520610429, 62.1860480303, 0.0000000000
1.9906933742, 62.7426292652, 0.0000000000
1.9906933742, 62.7426292652, 0.0000000000
2.1773991783, 63.1861663345, 0.0000000000
2.1773991783, 63.1861663345, 0.0000000000
2.3537983857, 63.6127123360, 0.0000000000
2.3537983857, 63.6127123360, 0.0000000000
2.6250753649, 64.2853211527, 0.0000000000
2.6250753649, 64.2853211527, 0.0000000000
2.6503941679, 64.3492590578, 0.0000000000
2.6503941679, 64.3492590578, 0.0000000000
2.8999601330, 64.9918279457, 0.0000000000
2.8999601330, 64.9918279457, 0.0000000000
3.1450616575, 65.6484162336, 0.0000000000
3.1450616575, 65.6484162336, 0.0000000000
3.2654497416, 65.9821655251, 0.0000000000
3.2654497416, 65.9821655251, 0.0000000000
3.3682535607, 66.2740605472, 0.0000000000
3.3682535607, 66.2740605472, 0.0000000000
3.4749856367, 66.5847220961, 0.0000000000
3.4749856367, 66.5847220961, 0.0000000000
3.6619931679, 67.1510951712, 0.0000000000
3.6619931679, 67.1510951712, 0.0000000000
3.8267116951, 67.6787217733, 0.0000000000
3.8267116951, 67.6787217733, 0.0000000000
3.9752787057, 68.1846213806, 0.0000000000
3.9752787057, 68.1846213806, 0.0000000000
4.1083815807, 68.6696728494, 0.0000000000
4.1083815807, 68.6696728494, 0.0000000000
4.1062922868, 68.6617779033, 0.0000000000
4.1062922868, 68.6617779033, 0.0000000000
4.2213393465, 69.1127744040, 0.0000000000
4.2213393465, 69.1127744040, 0.0000000000
4.3730671754, 69.7734354197, 0.0000000000
4.3730671754, 69.7734354197, 0.0000000000
4.4581321467, 70.1929371401, 0.0000000000
4.4581321467, 70.1929371401, 0.0000000000
4.5307519635, 70.5951173472, 0.0000000000
4.5307519635, 70.5951173472, 0.0000000000
4.6174610637, 71.1651737291, 0.0000000000
4.6174610637, 71.1651737291, 0.0000000000
4.6618493118, 71.5271926232, 0.0000000000
4.6618493118, 71.5271926232, 0.0000000000
4.6802391326, 71.7032932275, 0.0000000000
4.6802391326, 71.7032932275, 0.0000000000
4.7204161398, 72.2055818098, 0.0000000000
4.7204161398, 72.2055818098, 0.0000000000
4.7403375725, 72.6771460711, 0.0000000000
4.7403375725, 72.6771460711, 0.0000000000
4.7432673205, 72.9766646017, 0.0000000000
4.7432673205, 72.9766646017, 0.0000000000
4.7417877421, 73.1223856457, 0.0000000000
4.7417877421, 73.1223856457, 0.0000000000
4.7332829098, 73.4034881754, 0.0000000000
4.7332829098, 73.4034881754, 0.0000000000
4.7177841081, 73.6729606587, 0.0000000000
4.7177841081, 73.6729606587, 0.0000000000
4.6742186346, 74.1263510310, 0.0000000000
4.6742186346, 74.1263510310, 0.0000000000
4.6236136943, 74.4803616868, 0.0000000000
4.6236136943, 74.4803616868, 0.0000000000
4.6039532097, 74.5945212794, 0.0000000000
4.6039532097, 74.5945212794, 0.0000000000
4.5205248694, 74.9974380519, 0.0000000000
4.5205248694, 74.9974380519, 0.0000000000
4.4954125013, 75.1007310971, 0.0000000000
4.4954125013, 75.1007310971, 0.0000000000
4.3612813411, 75.5671140165, 0.0000000000
4.3612813411, 75.5671140165, 0.0000000000
4.2370771986, 75.9146771158, 0.0000000000
4.2370771986, 75.9146771158, 0.0000000000
4.0987711489, 76.2418251524, 0.0000000000
4.0987711489, 76.2418251524, 0.0000000000
4.0268054392, 76.3936866525, 0.0000000000
4.0268054392, 76.3936866525, 0.0000000000
3.9077547571, 76.6233400921, 0.0000000000
3.9077547571, 76.6233400921, 0.0000000000
3.8310243782, 76.7593634490, 0.0000000000
3.8310243782, 76.7593634490, 0.0000000000
3.5218712651, 77.2346370545, 0.0000000000
3.5218712651, 77.2346370545, 0.0000000000
3.4806451749, 77.2908202644, 0.0000000000
3.4806451749, 77.2908202644, 0.0000000000
3.1780038618, 77.6634183269, 0.0000000000
3.1780038618, 77.6634183269, 0.0000000000
3.1357532434, 77.7105584360, 0.0000000000
3.1357532434, 77.7105584360, 0.0000000000
2.9312698196, 77.9245195569, 0.0000000000
2.9312698196, 77.9245195569, 0.0000000000
2.6305771711, 78.2023079386, 0.0000000000
2.6305771711, 78.2023079386, 0.0000000000
2.3703946571, 78.4133349339, 0.0000000000
2.3703946571, 78.4133349339, 0.0000000000
2.1855494014, 78.5492100820, 0.0000000000
2.1855494014, 78.5492100820, 0.0000000000
1.8049183586, 78.7975748136, 0.0000000000
1.8049183586, 78.7975748136, 0.0000000000
1.6082122295, 78.9113716941, 0.0000000000
1.6082122295, 78.9113716941, 0.0000000000
1.2064622324, 79.1172590096, 0.0000000000
1.2064622324, 79.1172590096, 0.0000000000
0.5855461417, 79.3757599700, 0.0000000000
0.5855461417, 79.3757599700, 0.0000000000
0.4014094406, 79.4403538888, 0.0000000000
0.4014094406, 79.4403538888, 0.0000000000
-0.0287746031, 79.5723722953, 0.0000000000
-0.0287746031, 79.5723722953, 0.0000000000
-0.6429108423, 79.7198590884, 0.0000000000
-0.6429108423, 79.7198590884, 0.0000000000
-0.8648965263, 79.7625053358, 0.0000000000
-0.8648965263, 79.7625053358, 0.0000000000
-1.2955700580, 79.8305631018, 0.0000000000
-1.2955700580, 79.8305631018, 0.0000000000
-1.9550995571, 79.9003679676, 0.0000000000
-1.9550995571, 79.9003679676, 0.0000000000
-2.1752774809, 79.9151173360, 0.0000000000
-2.1752774809, 79.9151173360, 0.0000000000
-2.6220216497, 79.9328219824, 0.0000000000
-2.6220216497, 79.9328219824, 0.0000000000
-3.3008525412, 79.9304014055, 0.0000000000
-3.3008525412, 79.9304014055, 0.0000000000
-3.7425356452, 79.9111363757, 0.0000000000
-3.7425356452, 79.9111363757, 0.0000000000
-4.1982600764, 79.8775538715, 0.0000000000
-4.1982600764, 79.8775538715, 0.0000000000
-4.6547034214, 79.8306437204, 0.0000000000
-4.6547034214, 79.8306437204, 0.0000000000
-5.1395687671, 79.7669265835, 0.0000000000
-5.1395687671, 79.7669265835, 0.0000000000
-5.6292867156, 79.6886711727, 0.0000000000
-5.6292867156, 79.6886711727, 0.0000000000
-5.8029736032, 79.6576675322, 0.0000000000
-5.8029736032, 79.6576675322, 0.0000000000
-6.5463959502, 79.5064184268, 0.0000000000
-6.5463959502, 79.5064184268, 0.0000000000
-6.7487844215, 79.4601713206, 0.0000000000
-6.7487844215, 79.4601713206, 0.0000000000
-7.2496464477, 79.3366787477, 0.0000000000
-7.2496464477, 79.3366787477, 0.0000000000
-7.4456382512, 79.2849112059, 0.0000000000
-7.4456382512, 79.2849112059, 0.0000000000
-7.6975178317, 79.2155877904, 0.0000000000
-7.6975178317, 79.2155877904, 0.0000000000
-8.1383414857, 79.0868152107, 0.0000000000
-8.1383414857, 79.0868152107, 0.0000000000
-8.3910911584, 79.0087730493, 0.0000000000
-8.3910911584, 79.0087730493, 0.0000000000
-8.5755091597, 78.9499199801, 0.0000000000
-8.5755091597, 78.9499199801, 0.0000000000
-9.0808150850, 78.7805164761, 0.0000000000
-9.0808150850, 78.7805164761, 0.0000000000
-9.0808150850, 78.7805164761, 0.0000000000
-9.0808150850, 78.7805164761, 0.0000000000
-9.3338432903, 78.6912601761, 0.0000000000
-9.3338432903, 78.6912601761, 0.0000000000
-9.5077311064, 78.6282272685, 0.0000000000
-9.5077311064, 78.6282272685, 0.0000000000
-10.0123259327, 78.4375881402, 0.0000000000
-10.0123259327, 78.4375881402, 0.0000000000
-10.1781608612, 78.3724476427, 0.0000000000
-10.1781608612, 78.3724476427, 0.0000000000
-10.4302841312, 78.2710771708, 0.0000000000
-10.4302841312, 78.2710771708, 0.0000000000
-10.8389628610, 78.1008200531, 0.0000000000
-10.8389628610, 78.1008200531, 0.0000000000
-10.8389628610, 78.1008200531, 0.0000000000
-10.8389628610, 78.1008200531, 0.0000000000
-11.0899426180, 77.9926467156, 0.0000000000
-11.0899426180, 77.9926467156, 0.0000000000
-11.5891972383, 77.7693609130, 0.0000000000
-11.5891972383, 77.7693609130, 0.0000000000
-11.4880608939, 77.8154602860, 0.0000000000
-11.4880608939, 77.8154602860, 0.0000000000
-11.7375026826, 77.7009676881, 0.0000000000
-11.7375026826, 77.7009676881, 0.0000000000
-11.9862478683, 77.5841430327, 0.0000000000
-11.9862478683, 77.5841430327, 0.0000000000
-12.2342414537, 77.4650464089, 0.0000000000
-12.2342414537, 77.4650464089, 0.0000000000
-12.3714095416, 77.3980506541, 0.0000000000
-12.3714095416, 77.3980506541, 0.0000000000
-12.6181292939, 77.2755421239, 0.0000000000
-12.6181292939, 77.2755421239, 0.0000000000
-12.8639641436, 77.1509161017, 0.0000000000
-12.8639641436, 77.1509161017, 0.0000000000
-13.1088647184, 77.0242332999, 0.0000000000
-13.1088647184, 77.0242332999, 0.0000000000
-13.2281604063, 76.9616109232, 0.0000000000
-13.2281604063, 76.9616109232, 0.0000000000
-13.1100335591, 77.0236226415, 0.0000000000
-13.1100335591, 77.0236226415, 0.0000000000
-13.5956613962, 76.7649470115, 0.0000000000
-13.5956613962, 76.7649470115, 0.0000000000
-13.4738548745, 76.8307570593, 0.0000000000
-13.4738548745, 76.8307570593, 0.0000000000
-13.5938068521, 76.7659536448, 0.0000000000
-13.5938068521, 76.7659536448, 0.0000000000
-13.8356326753, 76.6334793037, 0.0000000000
-13.8356326753, 76.6334793037, 0.0000000000
-13.8356326767, 76.6334793037, 0.0000000000
-13.8356326767, 76.6334793037, 0.0000000000
-14.0763429232, 76.4991906404, 0.0000000000
-14.0763429232, 76.4991906404, 0.0000000000
-14.0763429243, 76.4991906404, 0.0000000000
-14.0763429243, 76.4991906404, 0.0000000000
-14.3158961191, 76.3631481639, 0.0000000000
-14.3158961191, 76.3631481639, 0.0000000000
-14.3158961201, 76.3631481640, 0.0000000000
-14.3158961201, 76.3631481640, 0.0000000000
-14.5542523516, 76.2254122014, 0.0000000000
-14.5542523516, 76.2254122014, 0.0000000000
-14.7913732623, 76.0860428538, 0.0000000000
-14.7913732623, 76.0860428538, 0.0000000000
-14.7913732629, 76.0860428537, 0.0000000000
-14.7913732629, 76.0860428537, 0.0000000000
-14.7913732629, 76.0860428537, 0.0000000000
-14.7913732629, 76.0860428537, 0.0000000000
